Performance,Gender,Caste,coaching,time,Class_ten_education,twelve_education,medium,Class_ X_Percentage,Class_XII_Percentage,Father_occupation,Mother_occupation
Excellent,MALE,GENERAL,NO,ONE,SEBA,AHSEC,ENGLISH,EXCELLENT,EXCELLENT,DOCTOR,OTHERS
Excellent,MALE,OBC,WA,TWO,SEBA,AHSEC,OTHERS,EXCELLENT,EXCELLENT,SCHOOL_TEACHER,HOUSE_WIFE
Excellent,MALE,OBC,OA,TWO,OTHERS,CBSE,ENGLISH,EXCELLENT,EXCELLENT,BUSINESS,HOUSE_WIFE
Excellent,MALE,GENERAL,WA,ONE,SEBA,AHSEC,OTHERS,EXCELLENT,EXCELLENT,SCHOOL_TEACHER,SCHOOL_TEACHER
Excellent,MALE,GENERAL,WA,TWO,CBSE,CBSE,ENGLISH,EXCELLENT,EXCELLENT,COLLEGE_TEACHER,HOUSE_WIFE
Excellent,FEMALE,GENERAL,OA,ONE,CBSE,CBSE,ENGLISH,EXCELLENT,EXCELLENT,DOCTOR,DOCTOR
Excellent,MALE,OBC,NO,ONE,SEBA,AHSEC,ENGLISH,EXCELLENT,EXCELLENT,OTHERS,HOUSE_WIFE
Excellent,FEMALE,GENERAL,NO,ONE,SEBA,AHSEC,ENGLISH,EXCELLENT,EXCELLENT,BUSINESS,HOUSE_WIFE
Excellent,FEMALE,GENERAL,OA,TWO,CBSE,CBSE,ENGLISH,EXCELLENT,EXCELLENT,COLLEGE_TEACHER,HOUSE_WIFE
Excellent,MALE,GENERAL,OA,ONE,CBSE,CBSE,ENGLISH,EXCELLENT,EXCELLENT,BUSINESS,HOUSE_WIFE
Excellent,MALE,GENERAL,NO,ONE,CBSE,CBSE,ENGLISH,EXCELLENT,EXCELLENT,DOCTOR,DOCTOR
Excellent,FEMALE,GENERAL,WA,TWO,SEBA,AHSEC,ENGLISH,EXCELLENT,EXCELLENT,BANK_OFFICIAL,SCHOOL_TEACHER
Excellent,MALE,GENERAL,NO,TWO,SEBA,AHSEC,ENGLISH,EXCELLENT,EXCELLENT,BUSINESS,HOUSE_WIFE
Excellent,MALE,GENERAL,WA,ONE,SEBA,CBSE,ENGLISH,EXCELLENT,EXCELLENT,OTHERS,HOUSE_WIFE
Excellent,MALE,GENERAL,WA,TWO,CBSE,CBSE,ENGLISH,EXCELLENT,EXCELLENT,OTHERS,HOUSE_WIFE
Excellent,MALE,GENERAL,NO,ONE,CBSE,CBSE,ENGLISH,EXCELLENT,EXCELLENT,OTHERS,COLLEGE_TEACHER
Excellent,FEMALE,GENERAL,OA,TWO,CBSE,CBSE,ENGLISH,EXCELLENT,EXCELLENT,ENGINEER,HOUSE_WIFE
Excellent,MALE,GENERAL,WA,TWO,SEBA,AHSEC,ENGLISH,EXCELLENT,EXCELLENT,SCHOOL_TEACHER,SCHOOL_TEACHER
Excellent,MALE,GENERAL,OA,ONE,SEBA,CBSE,ENGLISH,EXCELLENT,EXCELLENT,BUSINESS,SCHOOL_TEACHER
Excellent,FEMALE,OBC,NO,ONE,SEBA,AHSEC,ASSAMESE,EXCELLENT,EXCELLENT,COLLEGE_TEACHER,COLLEGE_TEACHER
Excellent,MALE,GENERAL,NO,ONE,SEBA,AHSEC,OTHERS,VG,VG,BANK_OFFICIAL,SCHOOL_TEACHER
Excellent,MALE,GENERAL,WA,ONE,SEBA,AHSEC,ENGLISH,EXCELLENT,EXCELLENT,COLLEGE_TEACHER,SCHOOL_TEACHER
Excellent,MALE,GENERAL,NO,ONE,OTHERS,CBSE,ENGLISH,EXCELLENT,EXCELLENT,ENGINEER,HOUSE_WIFE
Excellent,MALE,GENERAL,OA,TWO,CBSE,CBSE,ENGLISH,EXCELLENT,EXCELLENT,BUSINESS,HOUSE_WIFE
Excellent,FEMALE,GENERAL,WA,TWO,SEBA,AHSEC,ENGLISH,EXCELLENT,EXCELLENT,SCHOOL_TEACHER,OTHERS
Excellent,FEMALE,GENERAL,WA,TWO,SEBA,AHSEC,ENGLISH,EXCELLENT,EXCELLENT,COLLEGE_TEACHER,COLLEGE_TEACHER
Excellent,MALE,GENERAL,OA,TWO,OTHERS,OTHERS,ENGLISH,EXCELLENT,VG,DOCTOR,OTHERS
Excellent,FEMALE,GENERAL,WA,TWO,SEBA,AHSEC,ENGLISH,EXCELLENT,VG,OTHERS,COLLEGE_TEACHER
Excellent,FEMALE,GENERAL,NO,ONE,CBSE,CBSE,ENGLISH,EXCELLENT,EXCELLENT,COLLEGE_TEACHER,SCHOOL_TEACHER
Excellent,MALE,GENERAL,WA,TWO,SEBA,AHSEC,ENGLISH,EXCELLENT,EXCELLENT,ENGINEER,HOUSE_WIFE
Excellent,FEMALE,GENERAL,NO,TWO,SEBA,AHSEC,ENGLISH,EXCELLENT,EXCELLENT,OTHERS,HOUSE_WIFE
Excellent,MALE,GENERAL,WA,TWO,SEBA,AHSEC,ASSAMESE,EXCELLENT,EXCELLENT,OTHERS,HOUSE_WIFE
Excellent,MALE,OBC,NO,ONE,CBSE,CBSE,ENGLISH,EXCELLENT,EXCELLENT,BUSINESS,OTHERS
Excellent,FEMALE,GENERAL,OA,TWO,CBSE,AHSEC,ENGLISH,EXCELLENT,EXCELLENT,BUSINESS,HOUSE_WIFE
Excellent,MALE,GENERAL,OA,TWO,CBSE,CBSE,ENGLISH,EXCELLENT,EXCELLENT,DOCTOR,COLLEGE_TEACHER
Excellent,MALE,GENERAL,WA,TWO,SEBA,AHSEC,ENGLISH,EXCELLENT,EXCELLENT,BUSINESS,HOUSE_WIFE
Excellent,MALE,GENERAL,NO,TWO,CBSE,CBSE,ENGLISH,EXCELLENT,EXCELLENT,OTHERS,HOUSE_WIFE
Excellent,MALE,GENERAL,WA,TWO,CBSE,CBSE,ENGLISH,EXCELLENT,VG,ENGINEER,HOUSE_WIFE
Excellent,FEMALE,GENERAL,WA,TWO,SEBA,AHSEC,ENGLISH,EXCELLENT,EXCELLENT,DOCTOR,COLLEGE_TEACHER
Excellent,MALE,GENERAL,WA,TWO,SEBA,AHSEC,OTHERS,GOOD,GOOD,SCHOOL_TEACHER,SCHOOL_TEACHER
Excellent,MALE,GENERAL,WA,TWO,CBSE,CBSE,ENGLISH,EXCELLENT,EXCELLENT,BANK_OFFICIAL,HOUSE_WIFE
Excellent,MALE,SC,OA,TWO,CBSE,CBSE,ENGLISH,EXCELLENT,EXCELLENT,OTHERS,HOUSE_WIFE
Excellent,MALE,SC,WA,TWO,SEBA,AHSEC,OTHERS,EXCELLENT,VG,OTHERS,HOUSE_WIFE
Excellent,FEMALE,GENERAL,WA,TWO,CBSE,CBSE,ENGLISH,EXCELLENT,EXCELLENT,OTHERS,SCHOOL_TEACHER
Excellent,FEMALE,GENERAL,WA,TWO,CBSE,CBSE,ENGLISH,EXCELLENT,EXCELLENT,OTHERS,OTHERS
Excellent,MALE,GENERAL,WA,TWO,CBSE,CBSE,ENGLISH,EXCELLENT,EXCELLENT,DOCTOR,DOCTOR
Excellent,MALE,GENERAL,WA,TWO,CBSE,CBSE,ENGLISH,EXCELLENT,EXCELLENT,ENGINEER,HOUSE_WIFE
Excellent,FEMALE,GENERAL,WA,THREE,SEBA,AHSEC,OTHERS,VG,VG,OTHERS,HOUSE_WIFE
Excellent,FEMALE,GENERAL,WA,TWO,OTHERS,CBSE,ENGLISH,EXCELLENT,EXCELLENT,ENGINEER,HOUSE_WIFE
Excellent,MALE,SC,OA,TWO,SEBA,AHSEC,ENGLISH,GOOD,GOOD,BUSINESS,HOUSE_WIFE
Excellent,MALE,GENERAL,WA,THREE,SEBA,AHSEC,ASSAMESE,EXCELLENT,GOOD,COLLEGE_TEACHER,HOUSE_WIFE
Excellent,MALE,GENERAL,NO,TWO,CBSE,CBSE,ENGLISH,EXCELLENT,GOOD,BANK_OFFICIAL,HOUSE_WIFE
Excellent,MALE,GENERAL,OA,TWO,SEBA,AHSEC,ENGLISH,EXCELLENT,VG,SCHOOL_TEACHER,HOUSE_WIFE
Excellent,FEMALE,GENERAL,WA,TWO,SEBA,AHSEC,ASSAMESE,EXCELLENT,EXCELLENT,BUSINESS,HOUSE_WIFE
Excellent,MALE,GENERAL,WA,TWO,SEBA,AHSEC,OTHERS,EXCELLENT,EXCELLENT,OTHERS,HOUSE_WIFE
Excellent,MALE,GENERAL,WA,TWO,CBSE,CBSE,ENGLISH,EXCELLENT,EXCELLENT,DOCTOR,SCHOOL_TEACHER
Excellent,FEMALE,GENERAL,WA,TWO,CBSE,CBSE,ENGLISH,EXCELLENT,EXCELLENT,ENGINEER,HOUSE_WIFE
Excellent,FEMALE,GENERAL,WA,TWO,CBSE,CBSE,ENGLISH,EXCELLENT,EXCELLENT,OTHERS,OTHERS
Excellent,FEMALE,GENERAL,WA,TWO,SEBA,AHSEC,ENGLISH,EXCELLENT,EXCELLENT,ENGINEER,HOUSE_WIFE
Excellent,MALE,OBC,WA,ONE,SEBA,AHSEC,ASSAMESE,AVERAGE,AVERAGE,BUSINESS,OTHERS
Excellent,MALE,OBC,NO,ONE,CBSE,CBSE,ENGLISH,EXCELLENT,EXCELLENT,OTHERS,HOUSE_WIFE
Excellent,FEMALE,GENERAL,WA,TWO,CBSE,CBSE,ENGLISH,EXCELLENT,EXCELLENT,OTHERS,HOUSE_WIFE
Excellent,FEMALE,GENERAL,OA,TWO,CBSE,CBSE,ENGLISH,EXCELLENT,EXCELLENT,OTHERS,HOUSE_WIFE
Excellent,MALE,OBC,WA,TWO,SEBA,AHSEC,OTHERS,GOOD,GOOD,OTHERS,HOUSE_WIFE
Excellent,MALE,GENERAL,WA,ONE,OTHERS,OTHERS,ENGLISH,EXCELLENT,GOOD,OTHERS,OTHERS
Excellent,MALE,OBC,OA,TWO,OTHERS,OTHERS,OTHERS,VG,VG,BUSINESS,HOUSE_WIFE
Excellent,MALE,GENERAL,WA,THREE,SEBA,AHSEC,ASSAMESE,VG,GOOD,OTHERS,SCHOOL_TEACHER
Excellent,MALE,GENERAL,OA,TWO,CBSE,CBSE,ENGLISH,EXCELLENT,VG,SCHOOL_TEACHER,SCHOOL_TEACHER
Excellent,MALE,GENERAL,WA,ONE,CBSE,CBSE,ENGLISH,EXCELLENT,EXCELLENT,OTHERS,COLLEGE_TEACHER
Excellent,FEMALE,GENERAL,WA,THREE,SEBA,AHSEC,OTHERS,EXCELLENT,EXCELLENT,SCHOOL_TEACHER,HOUSE_WIFE
Excellent,MALE,GENERAL,OA,TWO,CBSE,CBSE,ENGLISH,EXCELLENT,EXCELLENT,OTHERS,HOUSE_WIFE
Excellent,FEMALE,GENERAL,WA,TWO,CBSE,CBSE,ENGLISH,EXCELLENT,EXCELLENT,DOCTOR,OTHERS
Excellent,MALE,GENERAL,WA,TWO,SEBA,AHSEC,ENGLISH,EXCELLENT,EXCELLENT,OTHERS,SCHOOL_TEACHER
Excellent,FEMALE,GENERAL,WA,TWO,CBSE,CBSE,ENGLISH,EXCELLENT,VG,OTHERS,HOUSE_WIFE
Excellent,MALE,GENERAL,OA,ONE,SEBA,CBSE,ENGLISH,EXCELLENT,EXCELLENT,DOCTOR,HOUSE_WIFE
Excellent,MALE,GENERAL,OA,TWO,CBSE,CBSE,ENGLISH,EXCELLENT,EXCELLENT,OTHERS,HOUSE_WIFE
Excellent,MALE,GENERAL,WA,ONE,OTHERS,CBSE,ENGLISH,EXCELLENT,EXCELLENT,DOCTOR,HOUSE_WIFE
Excellent,FEMALE,OBC,WA,TWO,SEBA,CBSE,ENGLISH,EXCELLENT,EXCELLENT,SCHOOL_TEACHER,HOUSE_WIFE
Excellent,MALE,GENERAL,NO,ONE,SEBA,AHSEC,OTHERS,AVERAGE,GOOD,OTHERS,HOUSE_WIFE
Excellent,MALE,OBC,WA,TWO,SEBA,AHSEC,ENGLISH,EXCELLENT,EXCELLENT,OTHERS,HOUSE_WIFE
Excellent,FEMALE,OBC,WA,TWO,CBSE,CBSE,ENGLISH,EXCELLENT,EXCELLENT,OTHERS,HOUSE_WIFE
Excellent,MALE,GENERAL,OA,TWO,SEBA,CBSE,ENGLISH,EXCELLENT,EXCELLENT,ENGINEER,HOUSE_WIFE
Excellent,MALE,GENERAL,WA,TWO,SEBA,AHSEC,OTHERS,GOOD,EXCELLENT,CULTIVATOR,HOUSE_WIFE
Excellent,MALE,GENERAL,OA,TWO,SEBA,CBSE,ENGLISH,EXCELLENT,EXCELLENT,BUSINESS,HOUSE_WIFE
Excellent,MALE,GENERAL,WA,THREE,SEBA,CBSE,ENGLISH,VG,GOOD,OTHERS,OTHERS
Excellent,FEMALE,GENERAL,WA,TWO,SEBA,AHSEC,ASSAMESE,GOOD,AVERAGE,SCHOOL_TEACHER,SCHOOL_TEACHER
Excellent,FEMALE,GENERAL,WA,TWO,CBSE,CBSE,ENGLISH,EXCELLENT,EXCELLENT,OTHERS,HOUSE_WIFE
Excellent,MALE,GENERAL,OA,TWO,SEBA,AHSEC,ENGLISH,EXCELLENT,EXCELLENT,ENGINEER,HOUSE_WIFE
Excellent,FEMALE,OBC,WA,TWO,SEBA,AHSEC,ENGLISH,EXCELLENT,EXCELLENT,OTHERS,OTHERS
Excellent,MALE,GENERAL,NO,ONE,CBSE,CBSE,ENGLISH,VG,VG,OTHERS,HOUSE_WIFE
Excellent,FEMALE,OBC,WA,ONE,SEBA,AHSEC,ENGLISH,EXCELLENT,EXCELLENT,OTHERS,COLLEGE_TEACHER
Excellent,FEMALE,GENERAL,WA,TWO,SEBA,AHSEC,ENGLISH,EXCELLENT,EXCELLENT,COLLEGE_TEACHER,SCHOOL_TEACHER
Very Good,FEMALE,GENERAL,WA,TWO,SEBA,CBSE,ENGLISH,EXCELLENT,EXCELLENT,DOCTOR,DOCTOR
Very Good,MALE,GENERAL,WA,TWO,CBSE,CBSE,ENGLISH,EXCELLENT,EXCELLENT,OTHERS,HOUSE_WIFE
Very Good,FEMALE,GENERAL,WA,TWO,SEBA,AHSEC,OTHERS,EXCELLENT,EXCELLENT,BANK_OFFICIAL,BANK_OFFICIAL
Very Good,MALE,GENERAL,NO,ONE,OTHERS,CBSE,ENGLISH,EXCELLENT,EXCELLENT,OTHERS,COLLEGE_TEACHER
Very Good,FEMALE,GENERAL,WA,ONE,CBSE,CBSE,ENGLISH,VG,VG,BUSINESS,HOUSE_WIFE
Very Good,MALE,GENERAL,WA,ONE,SEBA,AHSEC,ENGLISH,EXCELLENT,EXCELLENT,OTHERS,HOUSE_WIFE
Very Good,MALE,GENERAL,WA,TWO,SEBA,AHSEC,OTHERS,VG,EXCELLENT,BUSINESS,HOUSE_WIFE
Very Good,MALE,GENERAL,NO,ONE,SEBA,CBSE,ENGLISH,GOOD,GOOD,OTHERS,HOUSE_WIFE
Very Good,MALE,GENERAL,WA,TWO,SEBA,AHSEC,ENGLISH,EXCELLENT,VG,SCHOOL_TEACHER,HOUSE_WIFE
Very Good,FEMALE,GENERAL,WA,ONE,CBSE,CBSE,ENGLISH,NAN,EXCELLENT,OTHERS,SCHOOL_TEACHER
Very Good,MALE,GENERAL,WA,FOUR,CBSE,CBSE,ENGLISH,VG,VG,COLLEGE_TEACHER,COLLEGE_TEACHER
Very Good,MALE,GENERAL,WA,THREE,SEBA,AHSEC,ENGLISH,EXCELLENT,EXCELLENT,BUSINESS,HOUSE_WIFE
Very Good,FEMALE,GENERAL,WA,TWO,CBSE,CBSE,ENGLISH,EXCELLENT,EXCELLENT,SCHOOL_TEACHER,SCHOOL_TEACHER
Very Good,FEMALE,OBC,WA,THREE,SEBA,AHSEC,ENGLISH,VG,VG,ENGINEER,HOUSE_WIFE
Very Good,MALE,GENERAL,WA,THREE,CBSE,CBSE,ENGLISH,EXCELLENT,EXCELLENT,OTHERS,HOUSE_WIFE
Very Good,MALE,GENERAL,WA,TWO,SEBA,AHSEC,ENGLISH,EXCELLENT,EXCELLENT,SCHOOL_TEACHER,HOUSE_WIFE
Very Good,MALE,GENERAL,WA,THREE,SEBA,AHSEC,OTHERS,EXCELLENT,GOOD,SCHOOL_TEACHER,HOUSE_WIFE
Very Good,MALE,GENERAL,NO,ONE,CBSE,CBSE,ENGLISH,EXCELLENT,EXCELLENT,COLLEGE_TEACHER,HOUSE_WIFE
Very Good,FEMALE,OBC,WA,TWO,OTHERS,CBSE,ENGLISH,EXCELLENT,EXCELLENT,ENGINEER,HOUSE_WIFE
Very Good,FEMALE,GENERAL,NO,ONE,SEBA,AHSEC,ENGLISH,EXCELLENT,EXCELLENT,OTHERS,HOUSE_WIFE
Very Good,FEMALE,GENERAL,WA,TWO,CBSE,CBSE,ENGLISH,EXCELLENT,EXCELLENT,COLLEGE_TEACHER,SCHOOL_TEACHER
Very Good,FEMALE,GENERAL,WA,TWO,SEBA,AHSEC,ENGLISH,GOOD,VG,COLLEGE_TEACHER,HOUSE_WIFE
Very Good,FEMALE,GENERAL,WA,TWO,SEBA,AHSEC,OTHERS,EXCELLENT,EXCELLENT,DOCTOR,HOUSE_WIFE
Very Good,FEMALE,OBC,OA,TWO,CBSE,CBSE,ENGLISH,EXCELLENT,EXCELLENT,BUSINESS,BUSINESS
Very Good,MALE,OBC,WA,TWO,SEBA,AHSEC,OTHERS,EXCELLENT,EXCELLENT,OTHERS,OTHERS
Very Good,MALE,GENERAL,NO,THREE,SEBA,AHSEC,OTHERS,VG,VG,CULTIVATOR,HOUSE_WIFE
Very Good,FEMALE,OBC,WA,THREE,CBSE,AHSEC,ENGLISH,EXCELLENT,VG,SCHOOL_TEACHER,HOUSE_WIFE
Very Good,MALE,GENERAL,WA,TWO,SEBA,AHSEC,OTHERS,GOOD,VG,BUSINESS,HOUSE_WIFE
Very Good,MALE,SC,WA,TWO,SEBA,AHSEC,ENGLISH,EXCELLENT,EXCELLENT,OTHERS,HOUSE_WIFE
Very Good,FEMALE,GENERAL,NO,TWO,CBSE,CBSE,ENGLISH,EXCELLENT,EXCELLENT,OTHERS,HOUSE_WIFE
Very Good,MALE,GENERAL,WA,TWO,SEBA,AHSEC,OTHERS,EXCELLENT,EXCELLENT,SCHOOL_TEACHER,HOUSE_WIFE
Very Good,MALE,GENERAL,NO,ONE,CBSE,CBSE,ENGLISH,EXCELLENT,EXCELLENT,OTHERS,SCHOOL_TEACHER
Very Good,FEMALE,OBC,NO,TWO,CBSE,CBSE,ENGLISH,EXCELLENT,EXCELLENT,OTHERS,HOUSE_WIFE
Very Good,FEMALE,GENERAL,WA,TWO,CBSE,AHSEC,ENGLISH,EXCELLENT,EXCELLENT,OTHERS,HOUSE_WIFE
Very Good,MALE,GENERAL,WA,TWO,SEBA,AHSEC,ENGLISH,EXCELLENT,VG,BUSINESS,HOUSE_WIFE
Very Good,MALE,OBC,WA,ONE,CBSE,CBSE,ENGLISH,EXCELLENT,EXCELLENT,OTHERS,HOUSE_WIFE
Very Good,MALE,OBC,NO,ONE,CBSE,CBSE,ENGLISH,EXCELLENT,EXCELLENT,OTHERS,COLLEGE_TEACHER
Very Good,MALE,OBC,WA,ONE,SEBA,AHSEC,OTHERS,EXCELLENT,EXCELLENT,SCHOOL_TEACHER,HOUSE_WIFE
Very Good,FEMALE,GENERAL,WA,TWO,SEBA,AHSEC,ENGLISH,EXCELLENT,EXCELLENT,SCHOOL_TEACHER,SCHOOL_TEACHER
Very Good,FEMALE,GENERAL,WA,TWO,SEBA,AHSEC,ENGLISH,EXCELLENT,EXCELLENT,OTHERS,COLLEGE_TEACHER
Very Good,MALE,OBC,NO,ONE,CBSE,CBSE,ENGLISH,EXCELLENT,EXCELLENT,BUSINESS,HOUSE_WIFE
Very Good,MALE,GENERAL,WA,THREE,CBSE,CBSE,ENGLISH,VG,VG,OTHERS,HOUSE_WIFE
Very Good,MALE,GENERAL,WA,TWO,CBSE,CBSE,ENGLISH,EXCELLENT,EXCELLENT,SCHOOL_TEACHER,HOUSE_WIFE
Very Good,FEMALE,GENERAL,WA,ONE,SEBA,AHSEC,ENGLISH,EXCELLENT,EXCELLENT,OTHERS,HOUSE_WIFE
Very Good,FEMALE,GENERAL,WA,ONE,CBSE,CBSE,ENGLISH,EXCELLENT,EXCELLENT,COLLEGE_TEACHER,COLLEGE_TEACHER
Very Good,MALE,GENERAL,WA,THREE,CBSE,CBSE,ENGLISH,VG,GOOD,SCHOOL_TEACHER,HOUSE_WIFE
Very Good,FEMALE,GENERAL,NO,ONE,CBSE,CBSE,ENGLISH,EXCELLENT,EXCELLENT,OTHERS,HOUSE_WIFE
Very Good,FEMALE,GENERAL,OA,THREE,CBSE,CBSE,ENGLISH,EXCELLENT,GOOD,OTHERS,HOUSE_WIFE
Very Good,FEMALE,GENERAL,WA,ONE,OTHERS,CBSE,ENGLISH,EXCELLENT,EXCELLENT,DOCTOR,DOCTOR
Very Good,MALE,GENERAL,OA,ONE,OTHERS,OTHERS,ENGLISH,VG,EXCELLENT,COLLEGE_TEACHER,SCHOOL_TEACHER
Very Good,FEMALE,GENERAL,NO,ONE,SEBA,AHSEC,ENGLISH,EXCELLENT,EXCELLENT,OTHERS,HOUSE_WIFE
Very Good,FEMALE,OBC,WA,TWO,SEBA,AHSEC,ENGLISH,EXCELLENT,EXCELLENT,DOCTOR,OTHERS
Very Good,FEMALE,OBC,OA,TWO,CBSE,CBSE,ENGLISH,EXCELLENT,EXCELLENT,OTHERS,HOUSE_WIFE
Very Good,FEMALE,GENERAL,WA,ONE,CBSE,CBSE,ENGLISH,EXCELLENT,EXCELLENT,ENGINEER,HOUSE_WIFE
Very Good,FEMALE,SC,WA,TWO,CBSE,CBSE,ENGLISH,EXCELLENT,EXCELLENT,ENGINEER,HOUSE_WIFE
Very Good,MALE,GENERAL,NO,ONE,SEBA,AHSEC,ENGLISH,EXCELLENT,EXCELLENT,OTHERS,HOUSE_WIFE
Very Good,MALE,OBC,WA,TWO,SEBA,AHSEC,ENGLISH,EXCELLENT,EXCELLENT,OTHERS,HOUSE_WIFE
Very Good,MALE,GENERAL,WA,THREE,SEBA,AHSEC,ENGLISH,EXCELLENT,VG,BUSINESS,SCHOOL_TEACHER
Very Good,FEMALE,GENERAL,WA,TWO,SEBA,AHSEC,OTHERS,EXCELLENT,GOOD,OTHERS,SCHOOL_TEACHER
Very Good,MALE,SC,NO,ONE,SEBA,AHSEC,ENGLISH,EXCELLENT,EXCELLENT,BUSINESS,SCHOOL_TEACHER
Very Good,FEMALE,OBC,WA,TWO,SEBA,AHSEC,ENGLISH,EXCELLENT,EXCELLENT,OTHERS,HOUSE_WIFE
Very Good,FEMALE,OBC,WA,TWO,SEBA,AHSEC,ENGLISH,EXCELLENT,EXCELLENT,OTHERS,HOUSE_WIFE
Very Good,FEMALE,GENERAL,NO,THREE,SEBA,AHSEC,ENGLISH,EXCELLENT,VG,OTHERS,HOUSE_WIFE
Very Good,MALE,OBC,NO,ONE,CBSE,AHSEC,ENGLISH,EXCELLENT,EXCELLENT,SCHOOL_TEACHER,HOUSE_WIFE
Very Good,MALE,GENERAL,OA,TWO,CBSE,CBSE,ENGLISH,EXCELLENT,EXCELLENT,OTHERS,SCHOOL_TEACHER
Very Good,MALE,OBC,WA,TWO,SEBA,AHSEC,OTHERS,EXCELLENT,VG,BUSINESS,HOUSE_WIFE
Very Good,MALE,GENERAL,NO,ONE,SEBA,AHSEC,OTHERS,EXCELLENT,EXCELLENT,SCHOOL_TEACHER,HOUSE_WIFE
Very Good,MALE,GENERAL,NO,ONE,CBSE,AHSEC,ENGLISH,EXCELLENT,EXCELLENT,ENGINEER,HOUSE_WIFE
Very Good,MALE,SC,WA,TWO,CBSE,CBSE,ENGLISH,EXCELLENT,VG,SCHOOL_TEACHER,HOUSE_WIFE
Very Good,MALE,OBC,WA,THREE,SEBA,AHSEC,ENGLISH,EXCELLENT,EXCELLENT,SCHOOL_TEACHER,HOUSE_WIFE
Very Good,FEMALE,GENERAL,WA,TWO,CBSE,CBSE,ENGLISH,EXCELLENT,EXCELLENT,ENGINEER,COLLEGE_TEACHER
Very Good,MALE,GENERAL,OA,TWO,CBSE,CBSE,ENGLISH,EXCELLENT,EXCELLENT,BUSINESS,HOUSE_WIFE
Very Good,FEMALE,GENERAL,WA,TWO,SEBA,AHSEC,OTHERS,EXCELLENT,EXCELLENT,SCHOOL_TEACHER,HOUSE_WIFE
Very Good,FEMALE,GENERAL,WA,TWO,CBSE,CBSE,ENGLISH,EXCELLENT,EXCELLENT,ENGINEER,HOUSE_WIFE
Very Good,FEMALE,OBC,WA,TWO,SEBA,AHSEC,ENGLISH,VG,VG,COLLEGE_TEACHER,HOUSE_WIFE
Very Good,FEMALE,GENERAL,WA,TWO,SEBA,AHSEC,ASSAMESE,EXCELLENT,EXCELLENT,OTHERS,HOUSE_WIFE
Very Good,FEMALE,GENERAL,WA,ONE,SEBA,AHSEC,ENGLISH,EXCELLENT,EXCELLENT,BUSINESS,HOUSE_WIFE
Very Good,MALE,GENERAL,WA,TWO,SEBA,AHSEC,ENGLISH,EXCELLENT,EXCELLENT,CULTIVATOR,HOUSE_WIFE
Very Good,FEMALE,OBC,WA,TWO,CBSE,CBSE,ENGLISH,EXCELLENT,EXCELLENT,OTHERS,OTHERS
Very Good,FEMALE,GENERAL,WA,THREE,SEBA,AHSEC,OTHERS,VG,VG,OTHERS,HOUSE_WIFE
Very Good,FEMALE,OBC,OA,THREE,SEBA,AHSEC,ENGLISH,GOOD,VG,OTHERS,HOUSE_WIFE
Very Good,FEMALE,GENERAL,WA,TWO,SEBA,AHSEC,ENGLISH,EXCELLENT,EXCELLENT,OTHERS,HOUSE_WIFE
Very Good,MALE,GENERAL,WA,TWO,CBSE,CBSE,ENGLISH,EXCELLENT,EXCELLENT,OTHERS,HOUSE_WIFE
Very Good,MALE,OBC,WA,TWO,SEBA,AHSEC,ENGLISH,EXCELLENT,VG,OTHERS,HOUSE_WIFE
Very Good,MALE,OBC,NO,FOUR,SEBA,AHSEC,OTHERS,VG,VG,BUSINESS,HOUSE_WIFE
Very Good,MALE,OBC,WA,ONE,CBSE,CBSE,ENGLISH,EXCELLENT,EXCELLENT,DOCTOR,HOUSE_WIFE
Very Good,MALE,GENERAL,WA,ONE,CBSE,CBSE,ENGLISH,EXCELLENT,EXCELLENT,OTHERS,SCHOOL_TEACHER
Very Good,FEMALE,GENERAL,WA,TWO,SEBA,AHSEC,ENGLISH,EXCELLENT,VG,BUSINESS,SCHOOL_TEACHER
Very Good,MALE,OBC,OA,TWO,SEBA,CBSE,ENGLISH,VG,EXCELLENT,BUSINESS,HOUSE_WIFE
Very Good,FEMALE,GENERAL,WA,TWO,SEBA,AHSEC,ENGLISH,VG,VG,OTHERS,HOUSE_WIFE
Very Good,MALE,GENERAL,WA,TWO,SEBA,AHSEC,ENGLISH,EXCELLENT,EXCELLENT,BUSINESS,HOUSE_WIFE
Very Good,MALE,GENERAL,WA,TWO,CBSE,CBSE,ENGLISH,EXCELLENT,EXCELLENT,OTHERS,OTHERS
Very Good,FEMALE,GENERAL,NO,ONE,SEBA,AHSEC,ENGLISH,EXCELLENT,EXCELLENT,OTHERS,OTHERS
Very Good,MALE,GENERAL,NO,ONE,SEBA,AHSEC,ENGLISH,EXCELLENT,EXCELLENT,ENGINEER,SCHOOL_TEACHER
Very Good,FEMALE,OBC,WA,THREE,SEBA,AHSEC,ENGLISH,EXCELLENT,EXCELLENT,SCHOOL_TEACHER,OTHERS
Very Good,MALE,GENERAL,WA,TWO,CBSE,CBSE,ENGLISH,EXCELLENT,EXCELLENT,OTHERS,HOUSE_WIFE
Very Good,FEMALE,GENERAL,WA,TWO,SEBA,CBSE,ENGLISH,EXCELLENT,EXCELLENT,BUSINESS,HOUSE_WIFE
Very Good,FEMALE,GENERAL,WA,TWO,CBSE,CBSE,ENGLISH,EXCELLENT,EXCELLENT,COLLEGE_TEACHER,HOUSE_WIFE
Very Good,MALE,GENERAL,WA,ONE,CBSE,CBSE,ENGLISH,EXCELLENT,EXCELLENT,BUSINESS,HOUSE_WIFE
Very Good,MALE,GENERAL,WA,ONE,SEBA,AHSEC,ENGLISH,EXCELLENT,EXCELLENT,DOCTOR,HOUSE_WIFE
Very Good,MALE,GENERAL,WA,TWO,CBSE,CBSE,ENGLISH,EXCELLENT,EXCELLENT,OTHERS,OTHERS
Very Good,FEMALE,GENERAL,WA,TWO,SEBA,AHSEC,ENGLISH,VG,VG,OTHERS,HOUSE_WIFE
Very Good,MALE,GENERAL,WA,TWO,CBSE,CBSE,ENGLISH,EXCELLENT,EXCELLENT,OTHERS,HOUSE_WIFE
Very Good,FEMALE,SC,OA,TWO,SEBA,CBSE,ENGLISH,EXCELLENT,VG,OTHERS,BANK_OFFICIAL
Very Good,MALE,GENERAL,WA,TWO,CBSE,CBSE,ENGLISH,EXCELLENT,EXCELLENT,BANK_OFFICIAL,HOUSE_WIFE
Very Good,FEMALE,GENERAL,WA,FOUR,CBSE,CBSE,ENGLISH,EXCELLENT,VG,BANK_OFFICIAL,BANK_OFFICIAL
Very Good,MALE,GENERAL,WA,TWO,CBSE,CBSE,ENGLISH,EXCELLENT,EXCELLENT,BUSINESS,OTHERS
Very Good,FEMALE,ST,WA,TWO,SEBA,AHSEC,ENGLISH,EXCELLENT,EXCELLENT,OTHERS,HOUSE_WIFE
Very Good,FEMALE,GENERAL,WA,ONE,SEBA,AHSEC,ENGLISH,EXCELLENT,EXCELLENT,BANK_OFFICIAL,HOUSE_WIFE
Very Good,MALE,GENERAL,WA,THREE,SEBA,AHSEC,OTHERS,VG,VG,OTHERS,HOUSE_WIFE
Very Good,MALE,OBC,WA,TWO,CBSE,CBSE,ENGLISH,EXCELLENT,EXCELLENT,OTHERS,HOUSE_WIFE
Very Good,MALE,GENERAL,WA,TWO,SEBA,AHSEC,OTHERS,EXCELLENT,VG,SCHOOL_TEACHER,HOUSE_WIFE
Very Good,MALE,GENERAL,WA,ONE,CBSE,CBSE,ENGLISH,EXCELLENT,EXCELLENT,OTHERS,HOUSE_WIFE
Very Good,FEMALE,GENERAL,WA,ONE,CBSE,CBSE,ENGLISH,EXCELLENT,EXCELLENT,OTHERS,HOUSE_WIFE
Very Good,MALE,GENERAL,NO,ONE,SEBA,AHSEC,ENGLISH,EXCELLENT,EXCELLENT,BUSINESS,HOUSE_WIFE
Very Good,MALE,GENERAL,WA,TWO,CBSE,CBSE,ENGLISH,EXCELLENT,EXCELLENT,ENGINEER,HOUSE_WIFE
Very Good,MALE,OBC,NO,ONE,SEBA,AHSEC,ENGLISH,EXCELLENT,EXCELLENT,COLLEGE_TEACHER,SCHOOL_TEACHER
Very Good,FEMALE,GENERAL,WA,THREE,CBSE,CBSE,ENGLISH,EXCELLENT,EXCELLENT,SCHOOL_TEACHER,SCHOOL_TEACHER
Very Good,FEMALE,SC,WA,TWO,SEBA,AHSEC,ASSAMESE,EXCELLENT,VG,OTHERS,OTHERS
Very Good,MALE,OBC,WA,THREE,SEBA,AHSEC,OTHERS,VG,VG,CULTIVATOR,CULTIVATOR
Very Good,MALE,GENERAL,WA,TWO,SEBA,AHSEC,OTHERS,EXCELLENT,EXCELLENT,OTHERS,HOUSE_WIFE
Very Good,MALE,OBC,WA,TWO,SEBA,AHSEC,ENGLISH,EXCELLENT,EXCELLENT,SCHOOL_TEACHER,SCHOOL_TEACHER
Very Good,FEMALE,GENERAL,WA,TWO,SEBA,AHSEC,ENGLISH,EXCELLENT,EXCELLENT,OTHERS,HOUSE_WIFE
Very Good,MALE,OBC,WA,THREE,SEBA,AHSEC,OTHERS,VG,EXCELLENT,SCHOOL_TEACHER,SCHOOL_TEACHER
Very Good,MALE,OBC,WA,TWO,SEBA,AHSEC,OTHERS,EXCELLENT,EXCELLENT,CULTIVATOR,SCHOOL_TEACHER
Very Good,FEMALE,GENERAL,WA,ONE,CBSE,CBSE,ENGLISH,EXCELLENT,EXCELLENT,BUSINESS,BUSINESS
Very Good,MALE,GENERAL,WA,TWO,SEBA,AHSEC,ENGLISH,EXCELLENT,EXCELLENT,BUSINESS,HOUSE_WIFE
Very Good,FEMALE,SC,WA,TWO,SEBA,AHSEC,ENGLISH,EXCELLENT,EXCELLENT,BANK_OFFICIAL,SCHOOL_TEACHER
Very Good,MALE,ST,NO,TWO,SEBA,AHSEC,ENGLISH,AVERAGE,AVERAGE,OTHERS,HOUSE_WIFE
Very Good,FEMALE,GENERAL,WA,THREE,SEBA,CBSE,ENGLISH,EXCELLENT,EXCELLENT,BUSINESS,HOUSE_WIFE
Very Good,FEMALE,GENERAL,NO,ONE,SEBA,AHSEC,ENGLISH,VG,EXCELLENT,DOCTOR,SCHOOL_TEACHER
Very Good,FEMALE,SC,WA,ONE,CBSE,CBSE,ENGLISH,EXCELLENT,EXCELLENT,OTHERS,HOUSE_WIFE
Very Good,FEMALE,GENERAL,WA,ONE,CBSE,CBSE,ENGLISH,EXCELLENT,EXCELLENT,OTHERS,HOUSE_WIFE
Very Good,MALE,OBC,NO,FOUR,CBSE,CBSE,ENGLISH,EXCELLENT,VG,OTHERS,HOUSE_WIFE
Very Good,FEMALE,GENERAL,WA,TWO,SEBA,AHSEC,ENGLISH,EXCELLENT,EXCELLENT,OTHERS,HOUSE_WIFE
Very Good,FEMALE,OBC,WA,ONE,SEBA,AHSEC,ENGLISH,EXCELLENT,EXCELLENT,SCHOOL_TEACHER,SCHOOL_TEACHER
Very Good,MALE,OBC,NO,ONE,CBSE,CBSE,ENGLISH,EXCELLENT,EXCELLENT,DOCTOR,OTHERS
Very Good,FEMALE,GENERAL,NO,ONE,SEBA,AHSEC,ENGLISH,EXCELLENT,EXCELLENT,ENGINEER,COLLEGE_TEACHER
Very Good,MALE,OBC,WA,THREE,SEBA,AHSEC,ENGLISH,VG,VG,OTHERS,HOUSE_WIFE
Very Good,FEMALE,GENERAL,NO,ONE,SEBA,AHSEC,OTHERS,EXCELLENT,EXCELLENT,DOCTOR,DOCTOR
Very Good,MALE,OBC,WA,TWO,CBSE,CBSE,ENGLISH,EXCELLENT,VG,OTHERS,HOUSE_WIFE
Very Good,FEMALE,OBC,NO,THREE,CBSE,CBSE,ENGLISH,EXCELLENT,EXCELLENT,DOCTOR,HOUSE_WIFE
Very Good,FEMALE,GENERAL,WA,TWO,SEBA,AHSEC,ENGLISH,EXCELLENT,VG,BUSINESS,HOUSE_WIFE
Very Good,MALE,GENERAL,WA,TWO,SEBA,AHSEC,ASSAMESE,EXCELLENT,VG,OTHERS,HOUSE_WIFE
Very Good,MALE,GENERAL,WA,TWO,SEBA,AHSEC,ENGLISH,GOOD,GOOD,BUSINESS,HOUSE_WIFE
Very Good,FEMALE,SC,NO,TWO,CBSE,CBSE,ENGLISH,EXCELLENT,EXCELLENT,ENGINEER,OTHERS
Very Good,MALE,GENERAL,WA,TWO,SEBA,AHSEC,OTHERS,EXCELLENT,VG,OTHERS,HOUSE_WIFE
Very Good,FEMALE,GENERAL,WA,TWO,SEBA,AHSEC,ASSAMESE,EXCELLENT,EXCELLENT,SCHOOL_TEACHER,SCHOOL_TEACHER
Very Good,FEMALE,OBC,NO,TWO,SEBA,AHSEC,ENGLISH,EXCELLENT,EXCELLENT,OTHERS,HOUSE_WIFE
Very Good,MALE,OBC,WA,ONE,SEBA,AHSEC,ENGLISH,EXCELLENT,EXCELLENT,OTHERS,HOUSE_WIFE
Very Good,FEMALE,OBC,WA,TWO,SEBA,AHSEC,ENGLISH,VG,EXCELLENT,OTHERS,HOUSE_WIFE
Very Good,MALE,GENERAL,NO,ONE,CBSE,AHSEC,ENGLISH,EXCELLENT,EXCELLENT,SCHOOL_TEACHER,SCHOOL_TEACHER
Very Good,FEMALE,GENERAL,WA,TWO,SEBA,AHSEC,ENGLISH,EXCELLENT,VG,OTHERS,HOUSE_WIFE
Very Good,MALE,GENERAL,WA,TWO,SEBA,AHSEC,ENGLISH,EXCELLENT,VG,ENGINEER,HOUSE_WIFE
Very Good,MALE,OBC,OA,ONE,CBSE,CBSE,ENGLISH,EXCELLENT,EXCELLENT,ENGINEER,ENGINEER
Very Good,FEMALE,GENERAL,WA,TWO,CBSE,CBSE,ENGLISH,EXCELLENT,EXCELLENT,OTHERS,OTHERS
Very Good,FEMALE,GENERAL,WA,ONE,CBSE,CBSE,ENGLISH,EXCELLENT,EXCELLENT,DOCTOR,DOCTOR
Very Good,FEMALE,GENERAL,WA,ONE,CBSE,CBSE,ENGLISH,EXCELLENT,EXCELLENT,OTHERS,HOUSE_WIFE
Very Good,MALE,OBC,OA,TWO,CBSE,CBSE,ENGLISH,EXCELLENT,GOOD,OTHERS,HOUSE_WIFE
Very Good,MALE,GENERAL,WA,THREE,SEBA,AHSEC,OTHERS,EXCELLENT,VG,SCHOOL_TEACHER,HOUSE_WIFE
Very Good,FEMALE,GENERAL,WA,TWO,OTHERS,AHSEC,ENGLISH,EXCELLENT,VG,COLLEGE_TEACHER,HOUSE_WIFE
Very Good,MALE,GENERAL,WA,THREE,SEBA,AHSEC,OTHERS,VG,VG,CULTIVATOR,HOUSE_WIFE
Very Good,FEMALE,GENERAL,WA,THREE,SEBA,AHSEC,ENGLISH,EXCELLENT,EXCELLENT,COLLEGE_TEACHER,SCHOOL_TEACHER
Very Good,FEMALE,GENERAL,WA,TWO,CBSE,CBSE,ENGLISH,EXCELLENT,EXCELLENT,COLLEGE_TEACHER,ENGINEER
Very Good,MALE,GENERAL,WA,TWO,CBSE,CBSE,ENGLISH,EXCELLENT,VG,BANK_OFFICIAL,HOUSE_WIFE
Very Good,MALE,GENERAL,OA,TWO,CBSE,CBSE,ENGLISH,EXCELLENT,VG,OTHERS,HOUSE_WIFE
Very Good,MALE,GENERAL,WA,THREE,CBSE,CBSE,ENGLISH,EXCELLENT,VG,OTHERS,HOUSE_WIFE
Very Good,MALE,GENERAL,WA,TWO,CBSE,CBSE,ENGLISH,EXCELLENT,EXCELLENT,BANK_OFFICIAL,HOUSE_WIFE
Very Good,MALE,GENERAL,WA,TWO,CBSE,CBSE,ENGLISH,EXCELLENT,VG,BUSINESS,HOUSE_WIFE
Very Good,MALE,GENERAL,WA,TWO,CBSE,AHSEC,ENGLISH,EXCELLENT,EXCELLENT,BUSINESS,HOUSE_WIFE
Very Good,FEMALE,OBC,WA,TWO,SEBA,AHSEC,ENGLISH,EXCELLENT,EXCELLENT,BUSINESS,SCHOOL_TEACHER
Very Good,FEMALE,OBC,NO,ONE,CBSE,CBSE,ENGLISH,VG,GOOD,BUSINESS,SCHOOL_TEACHER
Very Good,FEMALE,GENERAL,WA,TWO,CBSE,CBSE,ENGLISH,EXCELLENT,VG,OTHERS,SCHOOL_TEACHER
Very Good,MALE,GENERAL,WA,TWO,SEBA,AHSEC,OTHERS,EXCELLENT,VG,OTHERS,HOUSE_WIFE
Very Good,MALE,SC,WA,ONE,SEBA,AHSEC,ENGLISH,VG,EXCELLENT,OTHERS,HOUSE_WIFE
Very Good,NAN,SC,WA,ONE,OTHERS,AHSEC,ENGLISH,EXCELLENT,EXCELLENT,ENGINEER,HOUSE_WIFE
Very Good,FEMALE,OBC,NO,ONE,CBSE,AHSEC,ENGLISH,EXCELLENT,EXCELLENT,OTHERS,HOUSE_WIFE
Very Good,MALE,GENERAL,WA,ONE,SEBA,AHSEC,ENGLISH,VG,EXCELLENT,OTHERS,HOUSE_WIFE
Good,FEMALE,OBC,WA,TWO,SEBA,AHSEC,ENGLISH,EXCELLENT,EXCELLENT,OTHERS,HOUSE_WIFE
Good,FEMALE,GENERAL,WA,THREE,SEBA,AHSEC,ASSAMESE,EXCELLENT,VG,SCHOOL_TEACHER,HOUSE_WIFE
Good,MALE,GENERAL,NO,ONE,SEBA,AHSEC,OTHERS,EXCELLENT,NAN,SCHOOL_TEACHER,SCHOOL_TEACHER
Good,MALE,GENERAL,WA,THREE,SEBA,AHSEC,ASSAMESE,VG,VG,SCHOOL_TEACHER,SCHOOL_TEACHER
Good,FEMALE,GENERAL,NO,ONE,CBSE,CBSE,ENGLISH,EXCELLENT,EXCELLENT,OTHERS,HOUSE_WIFE
Good,MALE,SC,OA,TWO,CBSE,CBSE,ENGLISH,EXCELLENT,EXCELLENT,OTHERS,OTHERS
Good,FEMALE,OBC,WA,ONE,CBSE,CBSE,ENGLISH,EXCELLENT,EXCELLENT,OTHERS,HOUSE_WIFE
Good,FEMALE,GENERAL,WA,ONE,OTHERS,CBSE,ENGLISH,EXCELLENT,EXCELLENT,ENGINEER,DOCTOR
Good,MALE,OBC,WA,ONE,SEBA,AHSEC,ENGLISH,EXCELLENT,EXCELLENT,OTHERS,HOUSE_WIFE
Good,MALE,GENERAL,WA,TWO,SEBA,AHSEC,OTHERS,AVERAGE,GOOD,SCHOOL_TEACHER,HOUSE_WIFE
Good,MALE,OBC,WA,TWO,CBSE,CBSE,ENGLISH,EXCELLENT,EXCELLENT,SCHOOL_TEACHER,HOUSE_WIFE
Good,FEMALE,GENERAL,WA,TWO,SEBA,CBSE,ENGLISH,EXCELLENT,VG,BANK_OFFICIAL,HOUSE_WIFE
Good,MALE,GENERAL,WA,TWO,SEBA,AHSEC,ASSAMESE,EXCELLENT,EXCELLENT,SCHOOL_TEACHER,SCHOOL_TEACHER
Good,FEMALE,GENERAL,WA,THREE,CBSE,CBSE,ENGLISH,EXCELLENT,VG,BUSINESS,HOUSE_WIFE
Good,FEMALE,OBC,WA,TWO,SEBA,AHSEC,ENGLISH,EXCELLENT,EXCELLENT,OTHERS,HOUSE_WIFE
Good,MALE,GENERAL,OA,TWO,SEBA,CBSE,ENGLISH,EXCELLENT,EXCELLENT,NAN,HOUSE_WIFE
Good,FEMALE,GENERAL,WA,TWO,SEBA,CBSE,ENGLISH,EXCELLENT,EXCELLENT,BANK_OFFICIAL,HOUSE_WIFE
Good,FEMALE,GENERAL,WA,TWO,SEBA,AHSEC,ENGLISH,EXCELLENT,EXCELLENT,SCHOOL_TEACHER,SCHOOL_TEACHER
Good,FEMALE,GENERAL,WA,TWO,CBSE,CBSE,ENGLISH,EXCELLENT,EXCELLENT,BUSINESS,HOUSE_WIFE
Good,MALE,GENERAL,WA,THREE,SEBA,AHSEC,ENGLISH,GOOD,VG,BUSINESS,HOUSE_WIFE
Good,MALE,GENERAL,NO,TWO,SEBA,AHSEC,ENGLISH,EXCELLENT,EXCELLENT,ENGINEER,COLLEGE_TEACHER
Good,MALE,GENERAL,NO,TWO,CBSE,CBSE,ENGLISH,EXCELLENT,VG,SCHOOL_TEACHER,HOUSE_WIFE
Good,MALE,GENERAL,NO,ONE,SEBA,AHSEC,ENGLISH,VG,VG,OTHERS,HOUSE_WIFE
Good,FEMALE,GENERAL,WA,TWO,SEBA,CBSE,ENGLISH,GOOD,VG,BUSINESS,HOUSE_WIFE
Good,MALE,GENERAL,NO,ONE,CBSE,CBSE,ENGLISH,EXCELLENT,EXCELLENT,OTHERS,HOUSE_WIFE
Good,MALE,SC,WA,THREE,CBSE,CBSE,ENGLISH,EXCELLENT,EXCELLENT,OTHERS,HOUSE_WIFE
Good,MALE,GENERAL,OA,ONE,CBSE,CBSE,ENGLISH,EXCELLENT,EXCELLENT,ENGINEER,HOUSE_WIFE
Good,FEMALE,GENERAL,WA,ONE,SEBA,AHSEC,ENGLISH,EXCELLENT,EXCELLENT,BANK_OFFICIAL,OTHERS
Good,FEMALE,GENERAL,WA,TWO,CBSE,CBSE,ENGLISH,EXCELLENT,EXCELLENT,COLLEGE_TEACHER,SCHOOL_TEACHER
Good,FEMALE,GENERAL,WA,TWO,SEBA,AHSEC,ASSAMESE,EXCELLENT,EXCELLENT,SCHOOL_TEACHER,SCHOOL_TEACHER
Good,MALE,GENERAL,WA,THREE,SEBA,AHSEC,OTHERS,VG,VG,SCHOOL_TEACHER,SCHOOL_TEACHER
Good,FEMALE,OBC,WA,ONE,SEBA,AHSEC,ENGLISH,VG,VG,OTHERS,HOUSE_WIFE
Good,FEMALE,GENERAL,OA,TWO,CBSE,CBSE,ENGLISH,EXCELLENT,VG,ENGINEER,HOUSE_WIFE
Good,MALE,OBC,NO,TWO,SEBA,AHSEC,ENGLISH,GOOD,GOOD,OTHERS,OTHERS
Good,MALE,GENERAL,WA,TWO,SEBA,CBSE,ENGLISH,EXCELLENT,VG,OTHERS,HOUSE_WIFE
Good,FEMALE,OBC,OA,THREE,CBSE,CBSE,ENGLISH,VG,VG,BUSINESS,HOUSE_WIFE
Good,FEMALE,GENERAL,NO,ONE,SEBA,AHSEC,ENGLISH,EXCELLENT,EXCELLENT,DOCTOR,DOCTOR
Good,FEMALE,GENERAL,NO,ONE,SEBA,AHSEC,ENGLISH,EXCELLENT,EXCELLENT,ENGINEER,HOUSE_WIFE
Good,MALE,GENERAL,NO,ONE,CBSE,AHSEC,ENGLISH,EXCELLENT,EXCELLENT,OTHERS,SCHOOL_TEACHER
Good,MALE,GENERAL,WA,TWO,SEBA,AHSEC,ASSAMESE,EXCELLENT,VG,OTHERS,HOUSE_WIFE
Good,MALE,OBC,OA,TWO,CBSE,CBSE,ENGLISH,VG,VG,DOCTOR,HOUSE_WIFE
Good,MALE,GENERAL,WA,THREE,SEBA,AHSEC,ENGLISH,EXCELLENT,EXCELLENT,OTHERS,HOUSE_WIFE
Good,MALE,OBC,NO,FIVE,SEBA,AHSEC,OTHERS,GOOD,AVERAGE,SCHOOL_TEACHER,HOUSE_WIFE
Good,MALE,GENERAL,WA,TWO,CBSE,CBSE,ENGLISH,EXCELLENT,VG,OTHERS,HOUSE_WIFE
Good,MALE,OBC,OA,TWO,CBSE,CBSE,ENGLISH,EXCELLENT,EXCELLENT,BUSINESS,OTHERS
Good,MALE,OBC,NO,ONE,CBSE,CBSE,ENGLISH,EXCELLENT,EXCELLENT,OTHERS,HOUSE_WIFE
Good,FEMALE,OBC,WA,SEVEN,CBSE,CBSE,ENGLISH,EXCELLENT,GOOD,OTHERS,HOUSE_WIFE
Good,MALE,SC,WA,TWO,SEBA,AHSEC,ENGLISH,EXCELLENT,EXCELLENT,DOCTOR,HOUSE_WIFE
Good,FEMALE,SC,WA,TWO,CBSE,CBSE,ENGLISH,EXCELLENT,EXCELLENT,OTHERS,HOUSE_WIFE
Good,FEMALE,OBC,WA,ONE,SEBA,AHSEC,ENGLISH,VG,EXCELLENT,DOCTOR,HOUSE_WIFE
Good,FEMALE,OBC,WA,ONE,SEBA,AHSEC,OTHERS,EXCELLENT,EXCELLENT,BUSINESS,HOUSE_WIFE
Good,MALE,GENERAL,WA,TWO,CBSE,CBSE,ENGLISH,EXCELLENT,VG,OTHERS,OTHERS
Good,FEMALE,OBC,WA,THREE,SEBA,AHSEC,ENGLISH,EXCELLENT,EXCELLENT,OTHERS,OTHERS
Good,MALE,OBC,WA,TWO,SEBA,AHSEC,ASSAMESE,EXCELLENT,VG,SCHOOL_TEACHER,HOUSE_WIFE
Good,FEMALE,GENERAL,WA,TWO,SEBA,AHSEC,ENGLISH,EXCELLENT,EXCELLENT,DOCTOR,HOUSE_WIFE
Good,FEMALE,GENERAL,OA,ONE,CBSE,CBSE,ENGLISH,EXCELLENT,EXCELLENT,SCHOOL_TEACHER,SCHOOL_TEACHER
Good,FEMALE,GENERAL,NO,ONE,SEBA,AHSEC,ENGLISH,EXCELLENT,EXCELLENT,SCHOOL_TEACHER,SCHOOL_TEACHER
Good,FEMALE,OBC,NO,TWO,SEBA,AHSEC,ENGLISH,EXCELLENT,VG,BUSINESS,HOUSE_WIFE
Good,FEMALE,GENERAL,NO,ONE,CBSE,CBSE,ENGLISH,EXCELLENT,EXCELLENT,DOCTOR,HOUSE_WIFE
Good,MALE,GENERAL,WA,THREE,SEBA,AHSEC,OTHERS,VG,GOOD,SCHOOL_TEACHER,HOUSE_WIFE
Good,FEMALE,OBC,WA,TWO,CBSE,CBSE,ENGLISH,EXCELLENT,EXCELLENT,SCHOOL_TEACHER,OTHERS
Good,MALE,GENERAL,WA,TWO,SEBA,AHSEC,ENGLISH,EXCELLENT,EXCELLENT,OTHERS,HOUSE_WIFE
Good,MALE,GENERAL,WA,ONE,CBSE,CBSE,ENGLISH,EXCELLENT,VG,OTHERS,HOUSE_WIFE
Good,FEMALE,OBC,WA,ONE,CBSE,CBSE,ENGLISH,EXCELLENT,EXCELLENT,OTHERS,OTHERS
Good,MALE,GENERAL,WA,TWO,CBSE,CBSE,ENGLISH,EXCELLENT,EXCELLENT,BUSINESS,HOUSE_WIFE
Good,FEMALE,OBC,WA,TWO,CBSE,CBSE,ENGLISH,EXCELLENT,VG,OTHERS,HOUSE_WIFE
Good,FEMALE,OBC,WA,ONE,CBSE,CBSE,ENGLISH,EXCELLENT,EXCELLENT,OTHERS,OTHERS
Good,FEMALE,OBC,WA,TWO,SEBA,AHSEC,ENGLISH,EXCELLENT,EXCELLENT,OTHERS,SCHOOL_TEACHER
Good,FEMALE,OBC,WA,THREE,SEBA,AHSEC,OTHERS,GOOD,GOOD,BUSINESS,HOUSE_WIFE
Good,FEMALE,OBC,WA,FOUR,SEBA,AHSEC,ENGLISH,VG,GOOD,BUSINESS,HOUSE_WIFE
Good,FEMALE,OBC,OA,TWO,SEBA,AHSEC,ENGLISH,EXCELLENT,EXCELLENT,SCHOOL_TEACHER,SCHOOL_TEACHER
Good,FEMALE,OBC,WA,TWO,CBSE,CBSE,ENGLISH,EXCELLENT,EXCELLENT,DOCTOR,OTHERS
Good,MALE,GENERAL,WA,TWO,SEBA,AHSEC,OTHERS,EXCELLENT,EXCELLENT,OTHERS,SCHOOL_TEACHER
Good,MALE,GENERAL,WA,TWO,SEBA,AHSEC,OTHERS,EXCELLENT,VG,OTHERS,OTHERS
Good,FEMALE,GENERAL,NO,ONE,SEBA,AHSEC,ENGLISH,EXCELLENT,EXCELLENT,SCHOOL_TEACHER,SCHOOL_TEACHER
Good,MALE,GENERAL,WA,ONE,SEBA,AHSEC,ENGLISH,EXCELLENT,EXCELLENT,SCHOOL_TEACHER,SCHOOL_TEACHER
Good,MALE,OBC,OA,TWO,SEBA,AHSEC,ENGLISH,EXCELLENT,EXCELLENT,DOCTOR,HOUSE_WIFE
Good,MALE,OBC,NO,THREE,SEBA,AHSEC,ENGLISH,EXCELLENT,VG,OTHERS,HOUSE_WIFE
Good,FEMALE,GENERAL,WA,THREE,SEBA,AHSEC,ASSAMESE,EXCELLENT,VG,DOCTOR,OTHERS
Good,FEMALE,GENERAL,WA,ONE,SEBA,CBSE,ENGLISH,EXCELLENT,EXCELLENT,BUSINESS,HOUSE_WIFE
Good,MALE,GENERAL,NO,ONE,SEBA,AHSEC,OTHERS,EXCELLENT,EXCELLENT,CULTIVATOR,HOUSE_WIFE
Good,FEMALE,GENERAL,WA,TWO,CBSE,CBSE,ENGLISH,EXCELLENT,EXCELLENT,DOCTOR,OTHERS
Good,MALE,GENERAL,WA,ONE,SEBA,AHSEC,ENGLISH,EXCELLENT,EXCELLENT,OTHERS,HOUSE_WIFE
Good,FEMALE,GENERAL,NO,TWO,CBSE,CBSE,ENGLISH,EXCELLENT,VG,OTHERS,HOUSE_WIFE
Good,MALE,GENERAL,WA,ONE,SEBA,AHSEC,ENGLISH,EXCELLENT,EXCELLENT,OTHERS,HOUSE_WIFE
Good,FEMALE,SC,NO,THREE,SEBA,AHSEC,ENGLISH,EXCELLENT,EXCELLENT,BUSINESS,HOUSE_WIFE
Good,FEMALE,GENERAL,WA,TWO,SEBA,AHSEC,ENGLISH,EXCELLENT,EXCELLENT,OTHERS,OTHERS
Good,FEMALE,GENERAL,WA,ONE,CBSE,CBSE,ENGLISH,EXCELLENT,GOOD,BUSINESS,HOUSE_WIFE
Good,MALE,GENERAL,WA,TWO,SEBA,AHSEC,ENGLISH,VG,VG,SCHOOL_TEACHER,SCHOOL_TEACHER
Good,MALE,GENERAL,NO,ONE,SEBA,AHSEC,OTHERS,EXCELLENT,EXCELLENT,SCHOOL_TEACHER,HOUSE_WIFE
Good,MALE,OBC,WA,TWO,CBSE,CBSE,ENGLISH,EXCELLENT,EXCELLENT,OTHERS,HOUSE_WIFE
Good,MALE,GENERAL,WA,TWO,SEBA,AHSEC,ENGLISH,EXCELLENT,VG,OTHERS,HOUSE_WIFE
Good,MALE,GENERAL,NO,TWO,SEBA,AHSEC,OTHERS,GOOD,GOOD,SCHOOL_TEACHER,HOUSE_WIFE
Good,FEMALE,OBC,WA,ONE,SEBA,AHSEC,ASSAMESE,EXCELLENT,EXCELLENT,OTHERS,SCHOOL_TEACHER
Good,MALE,SC,NO,ONE,CBSE,CBSE,ENGLISH,EXCELLENT,EXCELLENT,BUSINESS,HOUSE_WIFE
Good,MALE,GENERAL,WA,TWO,SEBA,AHSEC,ENGLISH,VG,VG,BUSINESS,HOUSE_WIFE
Good,MALE,OBC,WA,TWO,CBSE,CBSE,ENGLISH,VG,GOOD,BUSINESS,HOUSE_WIFE
Good,MALE,GENERAL,NO,TWO,SEBA,AHSEC,ENGLISH,VG,VG,OTHERS,HOUSE_WIFE
Good,MALE,GENERAL,WA,TWO,CBSE,CBSE,ENGLISH,EXCELLENT,EXCELLENT,SCHOOL_TEACHER,SCHOOL_TEACHER
Good,MALE,GENERAL,WA,TWO,SEBA,AHSEC,OTHERS,VG,VG,SCHOOL_TEACHER,HOUSE_WIFE
Good,FEMALE,ST,WA,ONE,SEBA,AHSEC,OTHERS,EXCELLENT,EXCELLENT,SCHOOL_TEACHER,SCHOOL_TEACHER
Good,FEMALE,GENERAL,NO,ONE,SEBA,AHSEC,ENGLISH,EXCELLENT,EXCELLENT,OTHERS,SCHOOL_TEACHER
Good,FEMALE,OBC,NO,ONE,SEBA,AHSEC,ENGLISH,EXCELLENT,EXCELLENT,OTHERS,OTHERS
Good,MALE,SC,NO,THREE,CBSE,CBSE,ENGLISH,EXCELLENT,VG,OTHERS,HOUSE_WIFE
Good,MALE,OBC,WA,TWO,SEBA,AHSEC,ASSAMESE,EXCELLENT,VG,OTHERS,HOUSE_WIFE
Good,FEMALE,OBC,WA,TWO,SEBA,AHSEC,ENGLISH,EXCELLENT,VG,OTHERS,HOUSE_WIFE
Good,MALE,GENERAL,OA,TWO,CBSE,CBSE,ENGLISH,EXCELLENT,EXCELLENT,OTHERS,SCHOOL_TEACHER
Good,MALE,GENERAL,NO,TWO,CBSE,CBSE,ENGLISH,EXCELLENT,EXCELLENT,OTHERS,HOUSE_WIFE
Good,MALE,GENERAL,WA,TWO,CBSE,CBSE,ENGLISH,EXCELLENT,VG,BUSINESS,HOUSE_WIFE
Good,MALE,SC,WA,TWO,CBSE,CBSE,ENGLISH,EXCELLENT,EXCELLENT,CULTIVATOR,HOUSE_WIFE
Good,MALE,GENERAL,OA,ONE,CBSE,CBSE,ENGLISH,EXCELLENT,EXCELLENT,DOCTOR,SCHOOL_TEACHER
Good,MALE,GENERAL,NO,ONE,CBSE,CBSE,ENGLISH,EXCELLENT,EXCELLENT,DOCTOR,HOUSE_WIFE
Good,MALE,GENERAL,NO,TWO,SEBA,AHSEC,OTHERS,VG,VG,BUSINESS,HOUSE_WIFE
Good,MALE,GENERAL,WA,FOUR,SEBA,AHSEC,OTHERS,VG,GOOD,SCHOOL_TEACHER,HOUSE_WIFE
Good,FEMALE,SC,WA,TWO,SEBA,AHSEC,ENGLISH,EXCELLENT,EXCELLENT,OTHERS,HOUSE_WIFE
Good,MALE,OBC,WA,TWO,CBSE,CBSE,ENGLISH,EXCELLENT,EXCELLENT,OTHERS,HOUSE_WIFE
Good,FEMALE,GENERAL,WA,ONE,SEBA,CBSE,ENGLISH,EXCELLENT,EXCELLENT,BUSINESS,HOUSE_WIFE
Good,FEMALE,GENERAL,WA,TWO,CBSE,CBSE,ENGLISH,EXCELLENT,VG,OTHERS,OTHERS
Good,MALE,GENERAL,WA,TWO,CBSE,CBSE,ENGLISH,EXCELLENT,EXCELLENT,BUSINESS,OTHERS
Good,FEMALE,GENERAL,NO,ONE,SEBA,CBSE,ENGLISH,EXCELLENT,EXCELLENT,SCHOOL_TEACHER,SCHOOL_TEACHER
Good,FEMALE,OBC,WA,TWO,SEBA,AHSEC,ENGLISH,EXCELLENT,VG,OTHERS,HOUSE_WIFE
Good,MALE,GENERAL,NO,ONE,SEBA,CBSE,ENGLISH,EXCELLENT,EXCELLENT,BUSINESS,HOUSE_WIFE
Good,FEMALE,SC,WA,ONE,OTHERS,CBSE,ENGLISH,EXCELLENT,EXCELLENT,DOCTOR,HOUSE_WIFE
Good,FEMALE,OBC,WA,ONE,SEBA,AHSEC,ENGLISH,EXCELLENT,EXCELLENT,DOCTOR,HOUSE_WIFE
Good,FEMALE,GENERAL,NO,TWO,SEBA,CBSE,ENGLISH,EXCELLENT,VG,BUSINESS,HOUSE_WIFE
Good,MALE,GENERAL,WA,THREE,CBSE,CBSE,ENGLISH,VG,GOOD,OTHERS,HOUSE_WIFE
Good,FEMALE,GENERAL,NO,ONE,SEBA,AHSEC,ENGLISH,EXCELLENT,EXCELLENT,OTHERS,SCHOOL_TEACHER
Good,MALE,GENERAL,WA,THREE,SEBA,AHSEC,OTHERS,VG,VG,CULTIVATOR,HOUSE_WIFE
Good,MALE,OBC,WA,TWO,SEBA,AHSEC,ASSAMESE,EXCELLENT,EXCELLENT,SCHOOL_TEACHER,SCHOOL_TEACHER
Good,FEMALE,GENERAL,WA,ONE,OTHERS,CBSE,ENGLISH,EXCELLENT,EXCELLENT,BUSINESS,HOUSE_WIFE
Good,MALE,GENERAL,WA,THREE,SEBA,AHSEC,OTHERS,VG,VG,SCHOOL_TEACHER,HOUSE_WIFE
Good,FEMALE,GENERAL,NO,THREE,CBSE,CBSE,ENGLISH,EXCELLENT,GOOD,BUSINESS,OTHERS
Good,FEMALE,GENERAL,WA,TWO,CBSE,CBSE,ENGLISH,EXCELLENT,EXCELLENT,BUSINESS,SCHOOL_TEACHER
Good,MALE,GENERAL,OA,TWO,CBSE,CBSE,ENGLISH,EXCELLENT,VG,SCHOOL_TEACHER,HOUSE_WIFE
Good,FEMALE,ST,NO,ONE,SEBA,AHSEC,OTHERS,EXCELLENT,EXCELLENT,OTHERS,HOUSE_WIFE
Good,FEMALE,OBC,OA,ONE,OTHERS,CBSE,ENGLISH,EXCELLENT,EXCELLENT,BUSINESS,HOUSE_WIFE
Good,FEMALE,GENERAL,WA,TWO,CBSE,CBSE,ENGLISH,EXCELLENT,EXCELLENT,OTHERS,OTHERS
Good,MALE,GENERAL,WA,TWO,SEBA,AHSEC,ASSAMESE,EXCELLENT,EXCELLENT,DOCTOR,SCHOOL_TEACHER
Good,FEMALE,GENERAL,WA,TWO,CBSE,CBSE,ENGLISH,EXCELLENT,EXCELLENT,OTHERS,HOUSE_WIFE
Good,FEMALE,SC,NO,ONE,SEBA,AHSEC,ENGLISH,EXCELLENT,EXCELLENT,SCHOOL_TEACHER,SCHOOL_TEACHER
Good,FEMALE,GENERAL,WA,ONE,SEBA,AHSEC,OTHERS,EXCELLENT,EXCELLENT,OTHERS,HOUSE_WIFE
Good,MALE,OBC,NO,TWO,SEBA,AHSEC,ENGLISH,GOOD,VG,OTHERS,OTHERS
Good,MALE,GENERAL,WA,TWO,SEBA,AHSEC,OTHERS,VG,EXCELLENT,SCHOOL_TEACHER,HOUSE_WIFE
Good,MALE,GENERAL,WA,THREE,CBSE,CBSE,ENGLISH,GOOD,GOOD,SCHOOL_TEACHER,HOUSE_WIFE
Good,MALE,SC,WA,TWO,SEBA,AHSEC,ASSAMESE,EXCELLENT,VG,SCHOOL_TEACHER,HOUSE_WIFE
Good,MALE,GENERAL,WA,TWO,SEBA,AHSEC,OTHERS,GOOD,VG,SCHOOL_TEACHER,OTHERS
Good,FEMALE,GENERAL,WA,ONE,SEBA,AHSEC,ENGLISH,EXCELLENT,EXCELLENT,BUSINESS,HOUSE_WIFE
Good,MALE,GENERAL,OA,TWO,CBSE,CBSE,ENGLISH,EXCELLENT,EXCELLENT,CULTIVATOR,HOUSE_WIFE
Good,MALE,GENERAL,WA,TWO,SEBA,AHSEC,OTHERS,VG,EXCELLENT,OTHERS,SCHOOL_TEACHER
Good,MALE,GENERAL,WA,TWO,CBSE,AHSEC,ENGLISH,EXCELLENT,EXCELLENT,SCHOOL_TEACHER,SCHOOL_TEACHER
Good,FEMALE,OBC,WA,TWO,SEBA,AHSEC,ASSAMESE,EXCELLENT,EXCELLENT,DOCTOR,HOUSE_WIFE
Good,MALE,GENERAL,NO,ONE,CBSE,CBSE,ENGLISH,EXCELLENT,EXCELLENT,OTHERS,OTHERS
Good,MALE,SC,WA,ONE,SEBA,AHSEC,OTHERS,EXCELLENT,EXCELLENT,OTHERS,HOUSE_WIFE
Good,MALE,GENERAL,WA,TWO,SEBA,AHSEC,OTHERS,VG,VG,OTHERS,HOUSE_WIFE
Good,MALE,GENERAL,WA,ONE,CBSE,CBSE,ENGLISH,EXCELLENT,EXCELLENT,OTHERS,HOUSE_WIFE
Good,MALE,OBC,WA,ONE,SEBA,AHSEC,ENGLISH,EXCELLENT,EXCELLENT,OTHERS,HOUSE_WIFE
Good,FEMALE,GENERAL,WA,TWO,CBSE,CBSE,ENGLISH,EXCELLENT,EXCELLENT,OTHERS,HOUSE_WIFE
Good,MALE,OBC,NO,TWO,SEBA,AHSEC,OTHERS,AVERAGE,GOOD,OTHERS,HOUSE_WIFE
Good,FEMALE,OBC,WA,TWO,SEBA,AHSEC,ENGLISH,VG,VG,DOCTOR,HOUSE_WIFE
Good,MALE,GENERAL,NO,ONE,CBSE,CBSE,ENGLISH,EXCELLENT,EXCELLENT,OTHERS,HOUSE_WIFE
Good,MALE,OBC,WA,THREE,SEBA,AHSEC,ASSAMESE,GOOD,AVERAGE,OTHERS,HOUSE_WIFE
Good,MALE,OBC,WA,THREE,CBSE,CBSE,ENGLISH,EXCELLENT,VG,OTHERS,SCHOOL_TEACHER
Good,MALE,OBC,WA,TWO,CBSE,CBSE,ENGLISH,EXCELLENT,EXCELLENT,BUSINESS,HOUSE_WIFE
Good,MALE,OBC,NO,THREE,CBSE,AHSEC,ASSAMESE,VG,GOOD,SCHOOL_TEACHER,HOUSE_WIFE
Good,FEMALE,OBC,WA,TWO,SEBA,CBSE,ENGLISH,EXCELLENT,VG,OTHERS,OTHERS
Good,MALE,OBC,NO,ONE,SEBA,CBSE,ENGLISH,EXCELLENT,EXCELLENT,BUSINESS,HOUSE_WIFE
Good,FEMALE,OBC,WA,FOUR,SEBA,AHSEC,ASSAMESE,EXCELLENT,VG,BUSINESS,OTHERS
Good,FEMALE,OBC,WA,FOUR,SEBA,AHSEC,ENGLISH,VG,VG,BUSINESS,HOUSE_WIFE
Good,FEMALE,OBC,WA,THREE,SEBA,AHSEC,ENGLISH,EXCELLENT,VG,OTHERS,HOUSE_WIFE
Good,FEMALE,OBC,WA,TWO,SEBA,AHSEC,ASSAMESE,EXCELLENT,EXCELLENT,CULTIVATOR,SCHOOL_TEACHER
Good,FEMALE,OBC,WA,THREE,SEBA,AHSEC,ASSAMESE,EXCELLENT,VG,OTHERS,SCHOOL_TEACHER
Good,MALE,OBC,WA,ONE,SEBA,AHSEC,ENGLISH,EXCELLENT,GOOD,SCHOOL_TEACHER,SCHOOL_TEACHER
Good,MALE,OBC,NO,ONE,SEBA,AHSEC,ENGLISH,EXCELLENT,EXCELLENT,DOCTOR,OTHERS
Good,MALE,OBC,WA,THREE,CBSE,CBSE,ENGLISH,GOOD,EXCELLENT,OTHERS,HOUSE_WIFE
Good,FEMALE,OBC,WA,ONE,SEBA,AHSEC,ENGLISH,EXCELLENT,EXCELLENT,OTHERS,SCHOOL_TEACHER
Good,FEMALE,OBC,NO,ONE,SEBA,AHSEC,ENGLISH,EXCELLENT,EXCELLENT,SCHOOL_TEACHER,HOUSE_WIFE
Good,FEMALE,OBC,OA,TWO,SEBA,AHSEC,ENGLISH,EXCELLENT,EXCELLENT,OTHERS,HOUSE_WIFE
Good,FEMALE,OBC,WA,TWO,SEBA,AHSEC,ENGLISH,EXCELLENT,EXCELLENT,DOCTOR,HOUSE_WIFE
Good,FEMALE,OBC,WA,TWO,CBSE,CBSE,ENGLISH,EXCELLENT,EXCELLENT,DOCTOR,HOUSE_WIFE
Good,FEMALE,OBC,WA,ONE,SEBA,AHSEC,ENGLISH,VG,EXCELLENT,BUSINESS,HOUSE_WIFE
Good,MALE,OBC,WA,THREE,CBSE,CBSE,ENGLISH,EXCELLENT,VG,BUSINESS,HOUSE_WIFE
Average,FEMALE,OBC,WA,TWO,SEBA,AHSEC,ASSAMESE,EXCELLENT,EXCELLENT,SCHOOL_TEACHER,HOUSE_WIFE
Average,MALE,OBC,WA,TWO,SEBA,AHSEC,ENGLISH,EXCELLENT,EXCELLENT,BUSINESS,HOUSE_WIFE
Average,FEMALE,OBC,WA,ONE,SEBA,CBSE,ENGLISH,EXCELLENT,EXCELLENT,OTHERS,HOUSE_WIFE
Average,MALE,OBC,WA,TWO,SEBA,AHSEC,ENGLISH,VG,GOOD,OTHERS,HOUSE_WIFE
Average,FEMALE,OBC,WA,TWO,SEBA,AHSEC,ASSAMESE,EXCELLENT,EXCELLENT,DOCTOR,HOUSE_WIFE
Average,MALE,OBC,WA,TWO,CBSE,CBSE,ENGLISH,EXCELLENT,EXCELLENT,OTHERS,HOUSE_WIFE
Average,FEMALE,OBC,NO,ONE,SEBA,AHSEC,ENGLISH,EXCELLENT,EXCELLENT,BUSINESS,HOUSE_WIFE
Average,MALE,OBC,WA,THREE,SEBA,AHSEC,ASSAMESE,VG,GOOD,BUSINESS,HOUSE_WIFE
Average,MALE,OBC,OA,TWO,CBSE,CBSE,ENGLISH,EXCELLENT,EXCELLENT,DOCTOR,OTHERS
Average,FEMALE,OBC,WA,TWO,SEBA,AHSEC,ASSAMESE,EXCELLENT,EXCELLENT,OTHERS,HOUSE_WIFE
Average,MALE,OBC,WA,TWO,SEBA,AHSEC,ENGLISH,VG,VG,OTHERS,OTHERS
Average,FEMALE,OBC,WA,TWO,SEBA,AHSEC,ENGLISH,EXCELLENT,EXCELLENT,OTHERS,HOUSE_WIFE
Average,FEMALE,OBC,NO,TWO,SEBA,AHSEC,ASSAMESE,VG,GOOD,OTHERS,HOUSE_WIFE
Average,MALE,OBC,WA,TWO,SEBA,AHSEC,ENGLISH,EXCELLENT,VG,BUSINESS,HOUSE_WIFE
Average,MALE,OBC,NO,TWO,SEBA,AHSEC,ENGLISH,VG,VG,OTHERS,HOUSE_WIFE
Average,MALE,OBC,WA,ONE,SEBA,CBSE,ENGLISH,VG,VG,BUSINESS,HOUSE_WIFE
Average,MALE,OBC,WA,THREE,CBSE,CBSE,ENGLISH,EXCELLENT,GOOD,OTHERS,OTHERS
Average,MALE,OBC,NO,FOUR,SEBA,AHSEC,OTHERS,VG,AVERAGE,SCHOOL_TEACHER,HOUSE_WIFE
Average,MALE,OBC,WA,TWO,SEBA,AHSEC,ASSAMESE,EXCELLENT,VG,OTHERS,HOUSE_WIFE
Average,MALE,OBC,NO,TWO,SEBA,AHSEC,ASSAMESE,EXCELLENT,EXCELLENT,BUSINESS,SCHOOL_TEACHER
Good,FEMALE,SC,WA,THREE,CBSE,CBSE,ENGLISH,EXCELLENT,EXCELLENT,OTHERS,HOUSE_WIFE
Good,MALE,SC,WA,THREE,SEBA,AHSEC,ENGLISH,VG,GOOD,SCHOOL_TEACHER,HOUSE_WIFE
Good,FEMALE,SC,WA,TWO,SEBA,AHSEC,ENGLISH,EXCELLENT,VG,BUSINESS,HOUSE_WIFE
Good,FEMALE,SC,NO,TWO,SEBA,AHSEC,OTHERS,EXCELLENT,EXCELLENT,ENGINEER,HOUSE_WIFE
Good,FEMALE,SC,WA,THREE,SEBA,AHSEC,ENGLISH,VG,VG,OTHERS,HOUSE_WIFE
Good,MALE,SC,WA,TWO,CBSE,CBSE,ENGLISH,EXCELLENT,EXCELLENT,CULTIVATOR,HOUSE_WIFE
Average,FEMALE,SC,NO,TWO,CBSE,CBSE,ENGLISH,EXCELLENT,EXCELLENT,ENGINEER,HOUSE_WIFE
Average,FEMALE,SC,WA,TWO,CBSE,CBSE,ENGLISH,EXCELLENT,EXCELLENT,OTHERS,HOUSE_WIFE
Average,FEMALE,SC,WA,THREE,SEBA,AHSEC,ENGLISH,EXCELLENT,EXCELLENT,BUSINESS,HOUSE_WIFE
Average,FEMALE,SC,WA,TWO,SEBA,AHSEC,ENGLISH,EXCELLENT,EXCELLENT,OTHERS,HOUSE_WIFE
Average,FEMALE,SC,WA,THREE,SEBA,AHSEC,ASSAMESE,GOOD,GOOD,SCHOOL_TEACHER,HOUSE_WIFE
Average,FEMALE,SC,WA,ONE,SEBA,CBSE,ENGLISH,EXCELLENT,EXCELLENT,BUSINESS,HOUSE_WIFE
Average,FEMALE,SC,WA,THREE,CBSE,CBSE,ENGLISH,VG,VG,BANK_OFFICIAL,OTHERS
Average,FEMALE,SC,NO,ONE,SEBA,AHSEC,ASSAMESE,EXCELLENT,EXCELLENT,OTHERS,HOUSE_WIFE
Average,FEMALE,SC,NO,TWO,CBSE,CBSE,ENGLISH,EXCELLENT,EXCELLENT,OTHERS,OTHERS
Average,FEMALE,SC,WA,TWO,SEBA,AHSEC,ENGLISH,EXCELLENT,VG,BUSINESS,HOUSE_WIFE
Average,MALE,SC,WA,TWO,CBSE,CBSE,ENGLISH,EXCELLENT,EXCELLENT,OTHERS,HOUSE_WIFE
Average,MALE,SC,WA,TWO,SEBA,AHSEC,ASSAMESE,VG,VG,CULTIVATOR,HOUSE_WIFE
Average,MALE,SC,WA,TWO,SEBA,AHSEC,ENGLISH,EXCELLENT,EXCELLENT,BUSINESS,SCHOOL_TEACHER
Average,FEMALE,SC,WA,TWO,SEBA,AHSEC,ENGLISH,EXCELLENT,VG,OTHERS,HOUSE_WIFE
Average,MALE,SC,NO,ONE,SEBA,CBSE,ENGLISH,EXCELLENT,EXCELLENT,BUSINESS,HOUSE_WIFE
Average,FEMALE,SC,WA,TWO,SEBA,AHSEC,OTHERS,EXCELLENT,VG,SCHOOL_TEACHER,HOUSE_WIFE
Average,MALE,SC,NO,ONE,SEBA,AHSEC,ENGLISH,EXCELLENT,EXCELLENT,OTHERS,OTHERS
Average,MALE,SC,NO,TWO,SEBA,AHSEC,ENGLISH,VG,VG,OTHERS,HOUSE_WIFE
Average,FEMALE,SC,NO,TWO,SEBA,CBSE,ENGLISH,VG,VG,DOCTOR,SCHOOL_TEACHER
Average,FEMALE,SC,WA,THREE,SEBA,AHSEC,OTHERS,GOOD,GOOD,SCHOOL_TEACHER,OTHERS
Average,FEMALE,SC,WA,TWO,SEBA,CBSE,ENGLISH,VG,EXCELLENT,OTHERS,HOUSE_WIFE
Average,FEMALE,SC,WA,TWO,SEBA,AHSEC,ENGLISH,EXCELLENT,VG,OTHERS,OTHERS
Average,MALE,SC,WA,TWO,SEBA,AHSEC,ENGLISH,EXCELLENT,VG,OTHERS,SCHOOL_TEACHER
Average,FEMALE,SC,WA,ONE,CBSE,CBSE,ENGLISH,EXCELLENT,EXCELLENT,ENGINEER,HOUSE_WIFE
Average,MALE,SC,NO,ONE,SEBA,AHSEC,ENGLISH,EXCELLENT,EXCELLENT,BUSINESS,HOUSE_WIFE
Good,MALE,ST,WA,TWO,SEBA,AHSEC,ASSAMESE,EXCELLENT,EXCELLENT,SCHOOL_TEACHER,SCHOOL_TEACHER
Good,FEMALE,ST,WA,TWO,CBSE,CBSE,ENGLISH,EXCELLENT,VG,BUSINESS,HOUSE_WIFE
Good,FEMALE,ST,WA,TWO,SEBA,AHSEC,ENGLISH,VG,VG,BANK_OFFICIAL,HOUSE_WIFE
Average,MALE,ST,OA,TWO,CBSE,CBSE,ENGLISH,EXCELLENT,EXCELLENT,OTHERS,SCHOOL_TEACHER
Average,MALE,ST,NO,ONE,CBSE,CBSE,ENGLISH,EXCELLENT,EXCELLENT,SCHOOL_TEACHER,SCHOOL_TEACHER
Average,MALE,ST,NO,THREE,SEBA,AHSEC,ENGLISH,VG,VG,SCHOOL_TEACHER,SCHOOL_TEACHER
Average,MALE,ST,WA,TWO,CBSE,CBSE,ENGLISH,EXCELLENT,VG,OTHERS,HOUSE_WIFE
Average,FEMALE,ST,WA,ONE,CBSE,CBSE,ENGLISH,EXCELLENT,VG,OTHERS,SCHOOL_TEACHER
Average,FEMALE,ST,WA,ONE,SEBA,AHSEC,ENGLISH,EXCELLENT,EXCELLENT,OTHERS,HOUSE_WIFE
Average,FEMALE,ST,WA,TWO,CBSE,CBSE,ENGLISH,EXCELLENT,EXCELLENT,OTHERS,HOUSE_WIFE
Average,MALE,ST,WA,ONE,SEBA,AHSEC,ENGLISH,GOOD,GOOD,ENGINEER,SCHOOL_TEACHER
Average,MALE,ST,WA,ONE,SEBA,CBSE,ENGLISH,EXCELLENT,EXCELLENT,OTHERS,HOUSE_WIFE
Average,FEMALE,ST,WA,TWO,SEBA,AHSEC,ENGLISH,EXCELLENT,VG,SCHOOL_TEACHER,HOUSE_WIFE
Average,MALE,ST,NO,ONE,CBSE,CBSE,ENGLISH,EXCELLENT,EXCELLENT,CULTIVATOR,HOUSE_WIFE
Average,FEMALE,ST,WA,TWO,SEBA,AHSEC,ENGLISH,VG,VG,BANK_OFFICIAL,HOUSE_WIFE
Average,MALE,ST,WA,TWO,CBSE,CBSE,ENGLISH,EXCELLENT,VG,CULTIVATOR,HOUSE_WIFE
Average,FEMALE,ST,WA,THREE,CBSE,CBSE,ENGLISH,EXCELLENT,GOOD,ENGINEER,BUSINESS
Average,MALE,ST,WA,TWO,SEBA,AHSEC,ENGLISH,EXCELLENT,EXCELLENT,OTHERS,HOUSE_WIFE
Average,NAN,ST,OA,TWO,CBSE,CBSE,ENGLISH,EXCELLENT,VG,BUSINESS,SCHOOL_TEACHER
Average,FEMALE,ST,WA,TWO,SEBA,AHSEC,ENGLISH,VG,VG,DOCTOR,HOUSE_WIFE
Average,FEMALE,ST,WA,TWO,CBSE,CBSE,ENGLISH,VG,VG,OTHERS,HOUSE_WIFE
Average,FEMALE,ST,WA,TWO,SEBA,AHSEC,ENGLISH,EXCELLENT,EXCELLENT,SCHOOL_TEACHER,HOUSE_WIFE
Average,MALE,ST,WA,TWO,CBSE,CBSE,ENGLISH,EXCELLENT,GOOD,OTHERS,HOUSE_WIFE
Average,FEMALE,ST,WA,TWO,OTHERS,OTHERS,ENGLISH,EXCELLENT,EXCELLENT,DOCTOR,COLLEGE_TEACHER
Average,FEMALE,ST,WA,TWO,SEBA,AHSEC,ASSAMESE,EXCELLENT,VG,OTHERS,OTHERS
Average,MALE,ST,OA,ONE,CBSE,CBSE,ENGLISH,EXCELLENT,EXCELLENT,OTHERS,HOUSE_WIFE
Average,FEMALE,ST,NO,TWO,CBSE,CBSE,ENGLISH,EXCELLENT,EXCELLENT,BANK_OFFICIAL,HOUSE_WIFE
Average,MALE,ST,WA,TWO,SEBA,AHSEC,ASSAMESE,EXCELLENT,VG,BANK_OFFICIAL,HOUSE_WIFE
Average,FEMALE,ST,WA,ONE,SEBA,AHSEC,OTHERS,AVERAGE,VG,OTHERS,HOUSE_WIFE
Average,MALE,ST,NO,ONE,SEBA,AHSEC,ENGLISH,EXCELLENT,EXCELLENT,OTHERS,OTHERS
Average,FEMALE,ST,WA,TWO,CBSE,CBSE,ENGLISH,EXCELLENT,GOOD,ENGINEER,HOUSE_WIFE
Average,MALE,ST,WA,TWO,CBSE,CBSE,ENGLISH,EXCELLENT,EXCELLENT,CULTIVATOR,HOUSE_WIFE
Average,MALE,ST,WA,TWO,SEBA,AHSEC,ASSAMESE,EXCELLENT,EXCELLENT,CULTIVATOR,HOUSE_WIFE
Average,FEMALE,ST,WA,THREE,SEBA,AHSEC,ENGLISH,VG,AVERAGE,OTHERS,HOUSE_WIFE
Average,MALE,ST,NO,TWO,CBSE,CBSE,ENGLISH,VG,GOOD,CULTIVATOR,HOUSE_WIFE
Average,MALE,ST,WA,ONE,SEBA,AHSEC,ENGLISH,AVERAGE,GOOD,OTHERS,HOUSE_WIFE
Average,FEMALE,ST,OA,TWO,CBSE,CBSE,ENGLISH,EXCELLENT,VG,OTHERS,HOUSE_WIFE
Average,FEMALE,ST,WA,THREE,CBSE,CBSE,ENGLISH,EXCELLENT,VG,BANK_OFFICIAL,HOUSE_WIFE
Average,MALE,ST,OA,THREE,CBSE,CBSE,ENGLISH,VG,EXCELLENT,OTHERS,HOUSE_WIFE
Average,FEMALE,ST,WA,TWO,SEBA,AHSEC,ENGLISH,EXCELLENT,VG,OTHERS,HOUSE_WIFE
Average,FEMALE,ST,WA,TWO,SEBA,AHSEC,ENGLISH,EXCELLENT,VG,COLLEGE_TEACHER,HOUSE_WIFE
Average,FEMALE,ST,WA,TWO,SEBA,NAN,ENGLISH,EXCELLENT,GOOD,SCHOOL_TEACHER,HOUSE_WIFE
Average,MALE,ST,WA,TWO,CBSE,CBSE,ENGLISH,EXCELLENT,VG,SCHOOL_TEACHER,HOUSE_WIFE
Average,MALE,ST,NO,ONE,SEBA,AHSEC,ENGLISH,AVERAGE,AVERAGE,OTHERS,HOUSE_WIFE
Average,MALE,ST,NO,ONE,SEBA,AHSEC,ASSAMESE,VG,GOOD,CULTIVATOR,HOUSE_WIFE
Average,FEMALE,ST,WA,TWO,SEBA,AHSEC,ENGLISH,EXCELLENT,VG,OTHERS,HOUSE_WIFE
Average,FEMALE,ST,WA,TWO,SEBA,AHSEC,ENGLISH,VG,VG,OTHERS,HOUSE_WIFE
Average,MALE,ST,NO,ONE,SEBA,AHSEC,ENGLISH,GOOD,VG,OTHERS,HOUSE_WIFE
Average,MALE,ST,WA,TWO,CBSE,CBSE,ENGLISH,EXCELLENT,VG,OTHERS,HOUSE_WIFE
Average,MALE,ST,WA,TWO,CBSE,CBSE,ENGLISH,EXCELLENT,VG,OTHERS,HOUSE_WIFE
Average,MALE,ST,WA,TWO,SEBA,AHSEC,ENGLISH,EXCELLENT,GOOD,OTHERS,HOUSE_WIFE
Average,MALE,ST,NO,ONE,CBSE,CBSE,ENGLISH,EXCELLENT,EXCELLENT,SCHOOL_TEACHER,HOUSE_WIFE
Average,FEMALE,ST,WA,ONE,CBSE,CBSE,ENGLISH,EXCELLENT,EXCELLENT,ENGINEER,OTHERS
Average,MALE,ST,NO,THREE,CBSE,CBSE,ENGLISH,EXCELLENT,EXCELLENT,OTHERS,HOUSE_WIFE
Average,FEMALE,ST,WA,TWO,SEBA,AHSEC,ENGLISH,EXCELLENT,VG,CULTIVATOR,OTHERS
Average,FEMALE,ST,WA,TWO,CBSE,CBSE,ENGLISH,EXCELLENT,EXCELLENT,OTHERS,HOUSE_WIFE
Average,FEMALE,ST,WA,TWO,CBSE,CBSE,ENGLISH,EXCELLENT,VG,ENGINEER,HOUSE_WIFE
Average,FEMALE,ST,WA,TWO,CBSE,CBSE,ENGLISH,EXCELLENT,GOOD,OTHERS,HOUSE_WIFE
Average,MALE,ST,WA,TWO,CBSE,CBSE,ENGLISH,VG,VG,OTHERS,HOUSE_WIFE
Average,FEMALE,ST,WA,ONE,SEBA,AHSEC,ENGLISH,EXCELLENT,EXCELLENT,SCHOOL_TEACHER,SCHOOL_TEACHER
Average,MALE,ST,NO,TWO,SEBA,AHSEC,ENGLISH,AVERAGE,GOOD,BUSINESS,HOUSE_WIFE
Average,MALE,ST,NO,ONE,SEBA,AHSEC,ASSAMESE,AVERAGE,AVERAGE,CULTIVATOR,HOUSE_WIFE
Average,MALE,ST,NO,ONE,SEBA,AHSEC,ENGLISH,EXCELLENT,EXCELLENT,DOCTOR,HOUSE_WIFE
Average,MALE,ST,OA,ONE,CBSE,CBSE,ENGLISH,VG,EXCELLENT,SCHOOL_TEACHER,OTHERS
Average,MALE,ST,WA,ONE,CBSE,CBSE,ENGLISH,EXCELLENT,VG,ENGINEER,HOUSE_WIFE
Average,MALE,ST,WA,TWO,SEBA,AHSEC,ENGLISH,GOOD,GOOD,OTHERS,HOUSE_WIFE
Average,MALE,ST,WA,ONE,SEBA,AHSEC,ENGLISH,EXCELLENT,EXCELLENT,OTHERS,OTHERS
Average,FEMALE,ST,NO,ONE,CBSE,CBSE,ENGLISH,EXCELLENT,EXCELLENT,OTHERS,DOCTOR
Average,FEMALE,ST,WA,TWO,SEBA,AHSEC,ENGLISH,EXCELLENT,VG,OTHERS,SCHOOL_TEACHER
Average,MALE,ST,WA,TWO,CBSE,AHSEC,ENGLISH,GOOD,GOOD,OTHERS,SCHOOL_TEACHER
Average,MALE,ST,WA,TWO,SEBA,AHSEC,ENGLISH,VG,VG,OTHERS,HOUSE_WIFE
Average,MALE,ST,NO,THREE,SEBA,AHSEC,ENGLISH,GOOD,AVERAGE,CULTIVATOR,HOUSE_WIFE
Average,FEMALE,ST,WA,TWO,OTHERS,OTHERS,ENGLISH,VG,VG,SCHOOL_TEACHER,HOUSE_WIFE
Average,FEMALE,ST,WA,ONE,SEBA,AHSEC,ENGLISH,VG,VG,OTHERS,SCHOOL_TEACHER
Average,MALE,ST,WA,THREE,CBSE,CBSE,ENGLISH,VG,VG,BANK_OFFICIAL,HOUSE_WIFE
Average,FEMALE,ST,WA,ONE,SEBA,AHSEC,ENGLISH,VG,VG,BUSINESS,DOCTOR
Average,FEMALE,ST,WA,FOUR,SEBA,AHSEC,ASSAMESE,VG,GOOD,CULTIVATOR,HOUSE_WIFE
Average,MALE,ST,NO,ONE,SEBA,AHSEC,ENGLISH,AVERAGE,GOOD,BUSINESS,OTHERS
Average,MALE,ST,WA,TWO,SEBA,AHSEC,ENGLISH,GOOD,GOOD,OTHERS,SCHOOL_TEACHER
Average,MALE,ST,WA,TWO,SEBA,AHSEC,ENGLISH,VG,GOOD,OTHERS,HOUSE_WIFE
Average,FEMALE,ST,WA,THREE,SEBA,AHSEC,ENGLISH,GOOD,GOOD,SCHOOL_TEACHER,HOUSE_WIFE
Average,MALE,ST,WA,THREE,SEBA,AHSEC,ENGLISH,GOOD,GOOD,SCHOOL_TEACHER,HOUSE_WIFE
Average,FEMALE,ST,OA,THREE,OTHERS,OTHERS,ENGLISH,GOOD,GOOD,CULTIVATOR,HOUSE_WIFE
Average,FEMALE,ST,WA,TWO,SEBA,AHSEC,ENGLISH,GOOD,GOOD,OTHERS,HOUSE_WIFE
Average,FEMALE,ST,NO,THREE,SEBA,AHSEC,ENGLISH,AVERAGE,AVERAGE,SCHOOL_TEACHER,HOUSE_WIFE
Average,MALE,ST,WA,ONE,CBSE,CBSE,ENGLISH,EXCELLENT,EXCELLENT,OTHERS,SCHOOL_TEACHER
Average,FEMALE,ST,WA,TWO,SEBA,AHSEC,ENGLISH,VG,VG,OTHERS,OTHERS
Average,FEMALE,ST,WA,TWO,CBSE,AHSEC,ENGLISH,EXCELLENT,GOOD,BUSINESS,HOUSE_WIFE
Average,FEMALE,ST,WA,TWO,SEBA,AHSEC,ENGLISH,EXCELLENT,VG,OTHERS,OTHERS
Average,FEMALE,ST,WA,TWO,SEBA,CBSE,ENGLISH,GOOD,VG,DOCTOR,SCHOOL_TEACHER
Average,FEMALE,ST,WA,ONE,SEBA,AHSEC,ENGLISH,GOOD,VG,OTHERS,HOUSE_WIFE
Average,MALE,ST,WA,THREE,SEBA,AHSEC,ENGLISH,VG,GOOD,CULTIVATOR,HOUSE_WIFE
Average,MALE,ST,WA,TWO,SEBA,CBSE,ENGLISH,GOOD,VG,OTHERS,SCHOOL_TEACHER
Average,MALE,ST,WA,THREE,SEBA,AHSEC,ENGLISH,GOOD,GOOD,SCHOOL_TEACHER,HOUSE_WIFE
Average,FEMALE,ST,NO,ONE,SEBA,CBSE,ENGLISH,VG,GOOD,BUSINESS,OTHERS
Good,MALE,OBC,NO,ONE,SEBA,AHSEC,ENGLISH,EXCELLENT,EXCELLENT,DOCTOR,OTHERS
Very Good,MALE,GENERAL,WA,TWO,CBSE,CBSE,ENGLISH,EXCELLENT,VG,BANK_OFFICIAL,HOUSE_WIFE
Good,MALE,GENERAL,WA,TWO,CBSE,CBSE,ENGLISH,EXCELLENT,EXCELLENT,BUSINESS,OTHERS
Excellent,FEMALE,GENERAL,WA,TWO,SEBA,AHSEC,ASSAMESE,EXCELLENT,EXCELLENT,BUSINESS,HOUSE_WIFE
Good,MALE,OBC,OA,TWO,CBSE,CBSE,ENGLISH,EXCELLENT,EXCELLENT,BUSINESS,OTHERS
Good,MALE,GENERAL,NO,ONE,SEBA,AHSEC,OTHERS,EXCELLENT,EXCELLENT,SCHOOL_TEACHER,HOUSE_WIFE
Very Good,MALE,GENERAL,WA,TWO,CBSE,CBSE,ENGLISH,EXCELLENT,VG,BUSINESS,HOUSE_WIFE
Excellent,MALE,GENERAL,NO,TWO,CBSE,CBSE,ENGLISH,EXCELLENT,GOOD,BANK_OFFICIAL,HOUSE_WIFE
Average,MALE,OBC,WA,TWO,CBSE,CBSE,ENGLISH,EXCELLENT,EXCELLENT,OTHERS,HOUSE_WIFE
Average,FEMALE,ST,WA,TWO,SEBA,CBSE,ENGLISH,VG,VG,BUSINESS,HOUSE_WIFE
Average,MALE,ST,WA,TWO,SEBA,AHSEC,ENGLISH,VG,GOOD,OTHERS,HOUSE_WIFE
Very Good,MALE,SC,WA,TWO,SEBA,AHSEC,ENGLISH,EXCELLENT,EXCELLENT,OTHERS,HOUSE_WIFE
Excellent,MALE,GENERAL,WA,TWO,SEBA,AHSEC,ENGLISH,EXCELLENT,EXCELLENT,ENGINEER,COLLEGE_TEACHER
